Category,FolderNumber,ProductName,Image,RelativePath
eyes,4,SHEGLAM The Everywhere 4-In-1 Liner Pen Brand Beauty Cosmetic Makeup For Women And Girls,1.PNG,eyes\4\SHEGLAM The Everywhere 4-In-1 Liner Pen Brand Beauty Cosmetic Makeup For Women And Girls\1.PNG
eyes,4,SHEGLAM The Everywhere 4-In-1 Liner Pen Brand Beauty Cosmetic Makeup For Women And Girls,2.PNG,eyes\4\SHEGLAM The Everywhere 4-In-1 Liner Pen Brand Beauty Cosmetic Makeup For Women And Girls\2.PNG
eyes,4,SHEGLAM The Everywhere 4-In-1 Liner Pen Brand Beauty Cosmetic Makeup For Women And Girls,3.PNG,eyes\4\SHEGLAM The Everywhere 4-In-1 Liner Pen Brand Beauty Cosmetic Makeup For Women And Girls\3.PNG
eyes,6,SHEGLAM Real Flow Laminating Brow Pen-Chocolate Brow Pomade Brand Beauty Cosmetic Makeup For Women And Girls,1.PNG,eyes\6\SHEGLAM Real Flow Laminating Brow Pen-Chocolate Brow Pomade Brand Beauty Cosmetic Makeup For Women And Girls\1.PNG
eyes,6,SHEGLAM Real Flow Laminating Brow Pen-Chocolate Brow Pomade Brand Beauty Cosmetic Makeup For Women And Girls,2.PNG,eyes\6\SHEGLAM Real Flow Laminating Brow Pen-Chocolate Brow Pomade Brand Beauty Cosmetic Makeup For Women And Girls\2.PNG
eyes,6,SHEGLAM Real Flow Laminating Brow Pen-Chocolate Brow Pomade Brand Beauty Cosmetic Makeup For Women And Girls,3.PNG,eyes\6\SHEGLAM Real Flow Laminating Brow Pen-Chocolate Brow Pomade Brand Beauty Cosmetic Makeup For Women And Girls\3.PNG
eyes,6,SHEGLAM Real Flow Laminating Brow Pen-Espresso Brow Pomade Brand Beauty Cosmetic Makeup For Women And Girls,1.PNG,eyes\6\SHEGLAM Real Flow Laminating Brow Pen-Espresso Brow Pomade Brand Beauty Cosmetic Makeup For Women And Girls\1.PNG
eyes,6,SHEGLAM Real Flow Laminating Brow Pen-Espresso Brow Pomade Brand Beauty Cosmetic Makeup For Women And Girls,2.PNG,eyes\6\SHEGLAM Real Flow Laminating Brow Pen-Espresso Brow Pomade Brand Beauty Cosmetic Makeup For Women And Girls\2.PNG
eyes,6,SHEGLAM Real Flow Laminating Brow Pen-Espresso Brow Pomade Brand Beauty Cosmetic Makeup For Women And Girls,3.PNG,eyes\6\SHEGLAM Real Flow Laminating Brow Pen-Espresso Brow Pomade Brand Beauty Cosmetic Makeup For Women And Girls\3.PNG
eyes,6,SHEGLAM Real Flow Laminating Brow Pen-Taupe Brow Pomade Brand Beauty Cosmetic Makeup For Women And Girls,1.PNG,eyes\6\SHEGLAM Real Flow Laminating Brow Pen-Taupe Brow Pomade Brand Beauty Cosmetic Makeup For Women And Girls\1.PNG
eyes,6,SHEGLAM Real Flow Laminating Brow Pen-Taupe Brow Pomade Brand Beauty Cosmetic Makeup For Women And Girls,2.PNG,eyes\6\SHEGLAM Real Flow Laminating Brow Pen-Taupe Brow Pomade Brand Beauty Cosmetic Makeup For Women And Girls\2.PNG
eyes,6,SHEGLAM Real Flow Laminating Brow Pen-Taupe Brow Pomade Brand Beauty Cosmetic Makeup For Women And Girls,3.PNG,eyes\6\SHEGLAM Real Flow Laminating Brow Pen-Taupe Brow Pomade Brand Beauty Cosmetic Makeup For Women And Girls\3.PNG
eyes,7,SHEGLAM Feather Better Liquid Eyebrow Pencil-Dark Brown Brow Pomade Brand Beauty Cosmetic Makeup For Women And Girls,1.PNG,eyes\7\SHEGLAM Feather Better Liquid Eyebrow Pencil-Dark Brown Brow Pomade Brand Beauty Cosmetic Makeup For Women And Girls\1.PNG
eyes,7,SHEGLAM Feather Better Liquid Eyebrow Pencil-Dark Brown Brow Pomade Brand Beauty Cosmetic Makeup For Women And Girls,2.PNG,eyes\7\SHEGLAM Feather Better Liquid Eyebrow Pencil-Dark Brown Brow Pomade Brand Beauty Cosmetic Makeup For Women And Girls\2.PNG
eyes,7,SHEGLAM Feather Better Liquid Eyebrow Pencil-Dark Brown Brow Pomade Brand Beauty Cosmetic Makeup For Women And Girls,3.PNG,eyes\7\SHEGLAM Feather Better Liquid Eyebrow Pencil-Dark Brown Brow Pomade Brand Beauty Cosmetic Makeup For Women And Girls\3.PNG
eyes,7,SHEGLAM Feather Better Liquid Eyebrow Pencil-Medium Brown Brow Pomade Brand Beauty Cosmetic Makeup For Women And Girls,1.PNG,eyes\7\SHEGLAM Feather Better Liquid Eyebrow Pencil-Medium Brown Brow Pomade Brand Beauty Cosmetic Makeup For Women And Girls\1.PNG
eyes,7,SHEGLAM Feather Better Liquid Eyebrow Pencil-Medium Brown Brow Pomade Brand Beauty Cosmetic Makeup For Women And Girls,2.PNG,eyes\7\SHEGLAM Feather Better Liquid Eyebrow Pencil-Medium Brown Brow Pomade Brand Beauty Cosmetic Makeup For Women And Girls\2.PNG
eyes,7,SHEGLAM Feather Better Liquid Eyebrow Pencil-Medium Brown Brow Pomade Brand Beauty Cosmetic Makeup For Women And Girls,3.PNG,eyes\7\SHEGLAM Feather Better Liquid Eyebrow Pencil-Medium Brown Brow Pomade Brand Beauty Cosmetic Makeup For Women And Girls\3.PNG
eyes,7,SHEGLAM Feather Better Liquid Eyebrow Pencil-Taupe Brow Pomade Brand Beauty Cosmetic Makeup For Women And Girls,1.PNG,eyes\7\SHEGLAM Feather Better Liquid Eyebrow Pencil-Taupe Brow Pomade Brand Beauty Cosmetic Makeup For Women And Girls\1.PNG
eyes,7,SHEGLAM Feather Better Liquid Eyebrow Pencil-Taupe Brow Pomade Brand Beauty Cosmetic Makeup For Women And Girls,2.PNG,eyes\7\SHEGLAM Feather Better Liquid Eyebrow Pencil-Taupe Brow Pomade Brand Beauty Cosmetic Makeup For Women And Girls\2.PNG
eyes,7,SHEGLAM Feather Better Liquid Eyebrow Pencil-Taupe Brow Pomade Brand Beauty Cosmetic Makeup For Women And Girls,3.PNG,eyes\7\SHEGLAM Feather Better Liquid Eyebrow Pencil-Taupe Brow Pomade Brand Beauty Cosmetic Makeup For Women And Girls\3.PNG
eyes,21,SHEGLAM Like Magic 12Hr Full Coverage Concealer-Golden Brand Beauty Cosmetic Makeup For Women And Girls,1.PNG,eyes\21\SHEGLAM Like Magic 12Hr Full Coverage Concealer-Golden Brand Beauty Cosmetic Makeup For Women And Girls\1.PNG
eyes,21,SHEGLAM Like Magic 12Hr Full Coverage Concealer-Golden Brand Beauty Cosmetic Makeup For Women And Girls,2.PNG,eyes\21\SHEGLAM Like Magic 12Hr Full Coverage Concealer-Golden Brand Beauty Cosmetic Makeup For Women And Girls\2.PNG
eyes,21,SHEGLAM Like Magic 12Hr Full Coverage Concealer-Golden Brand Beauty Cosmetic Makeup For Women And Girls,3.PNG,eyes\21\SHEGLAM Like Magic 12Hr Full Coverage Concealer-Golden Brand Beauty Cosmetic Makeup For Women And Girls\3.PNG
eyes,21,SHEGLAM Like Magic Hydrating Concealer-Pink Pearl Brand Beauty Cosmetic Makeup For Women And Girls,1.PNG,eyes\21\SHEGLAM Like Magic Hydrating Concealer-Pink Pearl Brand Beauty Cosmetic Makeup For Women And Girls\1.PNG
eyes,21,SHEGLAM Like Magic Hydrating Concealer-Pink Pearl Brand Beauty Cosmetic Makeup For Women And Girls,2.PNG,eyes\21\SHEGLAM Like Magic Hydrating Concealer-Pink Pearl Brand Beauty Cosmetic Makeup For Women And Girls\2.PNG
eyes,21,SHEGLAM Like Magic Hydrating Concealer-Pink Pearl Brand Beauty Cosmetic Makeup For Women And Girls,3.PNG,eyes\21\SHEGLAM Like Magic Hydrating Concealer-Pink Pearl Brand Beauty Cosmetic Makeup For Women And Girls\3.PNG
eyes,26,SHEGLAM Set Me Up Brow Hold-Crystal Clear Brow Pomade Brand Beauty Cosmetic Makeup For Women And Girls,1.PNG,eyes\26\SHEGLAM Set Me Up Brow Hold-Crystal Clear Brow Pomade Brand Beauty Cosmetic Makeup For Women And Girls\1.PNG
eyes,26,SHEGLAM Set Me Up Brow Hold-Crystal Clear Brow Pomade Brand Beauty Cosmetic Makeup For Women And Girls,2.PNG,eyes\26\SHEGLAM Set Me Up Brow Hold-Crystal Clear Brow Pomade Brand Beauty Cosmetic Makeup For Women And Girls\2.PNG
eyes,26,SHEGLAM Set Me Up Brow Hold-Crystal Clear Brow Pomade Brand Beauty Cosmetic Makeup For Women And Girls,3.PNG,eyes\26\SHEGLAM Set Me Up Brow Hold-Crystal Clear Brow Pomade Brand Beauty Cosmetic Makeup For Women And Girls\3.PNG
eyes,27,SHEGLAM Multi-Tasker Line & Detail Eyeliner Pen-Black Kohl Kajal Henna Brand Beauty Cosmetic Makeup For Women And Girls,1.PNG,eyes\27\SHEGLAM Multi-Tasker Line & Detail Eyeliner Pen-Black Kohl Kajal Henna Brand Beauty Cosmetic Makeup For Women And Girls\1.PNG
eyes,27,SHEGLAM Multi-Tasker Line & Detail Eyeliner Pen-Black Kohl Kajal Henna Brand Beauty Cosmetic Makeup For Women And Girls,2.PNG,eyes\27\SHEGLAM Multi-Tasker Line & Detail Eyeliner Pen-Black Kohl Kajal Henna Brand Beauty Cosmetic Makeup For Women And Girls\2.PNG
eyes,28,SHEGLAM Wing It Waterproof Liner Duo - Black Kohl Kajal Henna Brand Beauty Cosmetic Makeup For Women And Girls,1.PNG,eyes\28\SHEGLAM Wing It Waterproof Liner Duo - Black Kohl Kajal Henna Brand Beauty Cosmetic Makeup For Women And Girls\1.PNG
eyes,28,SHEGLAM Wing It Waterproof Liner Duo - Black Kohl Kajal Henna Brand Beauty Cosmetic Makeup For Women And Girls,2.PNG,eyes\28\SHEGLAM Wing It Waterproof Liner Duo - Black Kohl Kajal Henna Brand Beauty Cosmetic Makeup For Women And Girls\2.PNG
eyes,28,SHEGLAM Wing It Waterproof Liner Duo-Brown Kohl Kajal Henna Brand Beauty Cosmetic Makeup For Women And Girls,1.PNG,eyes\28\SHEGLAM Wing It Waterproof Liner Duo-Brown Kohl Kajal Henna Brand Beauty Cosmetic Makeup For Women And Girls\1.PNG
eyes,28,SHEGLAM Wing It Waterproof Liner Duo-Brown Kohl Kajal Henna Brand Beauty Cosmetic Makeup For Women And Girls,2.PNG,eyes\28\SHEGLAM Wing It Waterproof Liner Duo-Brown Kohl Kajal Henna Brand Beauty Cosmetic Makeup For Women And Girls\2.PNG
eyes,29,SHEGLAM Coffee Date Palette Brand Beauty Cosmetic Makeup For Women And Girls,1.PNG,eyes\29\SHEGLAM Coffee Date Palette Brand Beauty Cosmetic Makeup For Women And Girls\1.PNG
eyes,29,SHEGLAM Coffee Date Palette Brand Beauty Cosmetic Makeup For Women And Girls,2.PNG,eyes\29\SHEGLAM Coffee Date Palette Brand Beauty Cosmetic Makeup For Women And Girls\2.PNG
eyes,29,SHEGLAM Coffee Date Palette Brand Beauty Cosmetic Makeup For Women And Girls,3.PNG,eyes\29\SHEGLAM Coffee Date Palette Brand Beauty Cosmetic Makeup For Women And Girls\3.PNG
eyes,29,SHEGLAM Desert Hues Palette Brand Beauty Cosmetic Makeup For Women And Girls,1.PNG,eyes\29\SHEGLAM Desert Hues Palette Brand Beauty Cosmetic Makeup For Women And Girls\1.PNG
eyes,29,SHEGLAM Desert Hues Palette Brand Beauty Cosmetic Makeup For Women And Girls,2.PNG,eyes\29\SHEGLAM Desert Hues Palette Brand Beauty Cosmetic Makeup For Women And Girls\2.PNG
eyes,29,SHEGLAM Desert Hues Palette Brand Beauty Cosmetic Makeup For Women And Girls,3.PNG,eyes\29\SHEGLAM Desert Hues Palette Brand Beauty Cosmetic Makeup For Women And Girls\3.PNG
eyes,29,SHEGLAM Mauve Mood Palette Brand Beauty Cosmetic Makeup For Women And Girls,1.PNG,eyes\29\SHEGLAM Mauve Mood Palette Brand Beauty Cosmetic Makeup For Women And Girls\1.PNG
eyes,29,SHEGLAM Mauve Mood Palette Brand Beauty Cosmetic Makeup For Women And Girls,2.PNG,eyes\29\SHEGLAM Mauve Mood Palette Brand Beauty Cosmetic Makeup For Women And Girls\2.PNG
eyes,29,SHEGLAM Mauve Mood Palette Brand Beauty Cosmetic Makeup For Women And Girls,3.PNG,eyes\29\SHEGLAM Mauve Mood Palette Brand Beauty Cosmetic Makeup For Women And Girls\3.PNG
eyes,29,SHEGLAM Peach Perfection Palette Brand Beauty Cosmetic Makeup For Women And Girls,1.PNG,eyes\29\SHEGLAM Peach Perfection Palette Brand Beauty Cosmetic Makeup For Women And Girls\1.PNG
eyes,29,SHEGLAM Peach Perfection Palette Brand Beauty Cosmetic Makeup For Women And Girls,2.PNG,eyes\29\SHEGLAM Peach Perfection Palette Brand Beauty Cosmetic Makeup For Women And Girls\2.PNG
eyes,29,SHEGLAM Peach Perfection Palette Brand Beauty Cosmetic Makeup For Women And Girls,3.PNG,eyes\29\SHEGLAM Peach Perfection Palette Brand Beauty Cosmetic Makeup For Women And Girls\3.PNG
eyes,29,SHEGLAM Sahara Heat Palette Brand Beauty Cosmetic Makeup For Women And Girls,1.PNG,eyes\29\SHEGLAM Sahara Heat Palette Brand Beauty Cosmetic Makeup For Women And Girls\1.PNG
eyes,29,SHEGLAM Sahara Heat Palette Brand Beauty Cosmetic Makeup For Women And Girls,2.PNG,eyes\29\SHEGLAM Sahara Heat Palette Brand Beauty Cosmetic Makeup For Women And Girls\2.PNG
eyes,29,SHEGLAM Sahara Heat Palette Brand Beauty Cosmetic Makeup For Women And Girls,3.PNG,eyes\29\SHEGLAM Sahara Heat Palette Brand Beauty Cosmetic Makeup For Women And Girls\3.PNG
eyes,30,SHEGLAM The Centuries Eyeshadow Palette Brand Beauty Cosmetic Makeup For Women And Girls,1.PNG,eyes\30\SHEGLAM The Centuries Eyeshadow Palette Brand Beauty Cosmetic Makeup For Women And Girls\1.PNG
eyes,30,SHEGLAM The Centuries Eyeshadow Palette Brand Beauty Cosmetic Makeup For Women And Girls,2.PNG,eyes\30\SHEGLAM The Centuries Eyeshadow Palette Brand Beauty Cosmetic Makeup For Women And Girls\2.PNG
eyes,30,SHEGLAM The Centuries Eyeshadow Palette Brand Beauty Cosmetic Makeup For Women And Girls,3.PNG,eyes\30\SHEGLAM The Centuries Eyeshadow Palette Brand Beauty Cosmetic Makeup For Women And Girls\3.PNG
eyes,31,SHEGLAM The Essentials Pocket Eyeshadow Palette-Fortune Brand Beauty Cosmetic Makeup For Women And Girls,1.PNG,eyes\31\SHEGLAM The Essentials Pocket Eyeshadow Palette-Fortune Brand Beauty Cosmetic Makeup For Women And Girls\1.PNG
eyes,31,SHEGLAM The Essentials Pocket Eyeshadow Palette-Fortune Brand Beauty Cosmetic Makeup For Women And Girls,2.PNG,eyes\31\SHEGLAM The Essentials Pocket Eyeshadow Palette-Fortune Brand Beauty Cosmetic Makeup For Women And Girls\2.PNG
eyes,31,SHEGLAM The Essentials Pocket Eyeshadow Palette-Fortune Brand Beauty Cosmetic Makeup For Women And Girls,3.PNG,eyes\31\SHEGLAM The Essentials Pocket Eyeshadow Palette-Fortune Brand Beauty Cosmetic Makeup For Women And Girls\3.PNG
eyes,32,CARE BEARS X SHEGLAM CARE BEARS X SWEET WISHES COLOERD EYELINER SWEET AS SUGER KOHL KAJAL HENNA BRAND BEAUTY COSMETIC MAKEUP FOR WOMEN AND GIRLS,1.PNG,eyes\32\CARE BEARS X SHEGLAM CARE BEARS X SWEET WISHES COLOERD EYELINER SWEET AS SUGER KOHL KAJAL HENNA BRAND BEAUTY COSMETIC MAKEUP FOR WOMEN AND GIRLS\1.PNG
eyes,32,CARE BEARS X SHEGLAM CARE BEARS X SWEET WISHES COLOERD EYELINER SWEET AS SUGER KOHL KAJAL HENNA BRAND BEAUTY COSMETIC MAKEUP FOR WOMEN AND GIRLS,2.PNG,eyes\32\CARE BEARS X SHEGLAM CARE BEARS X SWEET WISHES COLOERD EYELINER SWEET AS SUGER KOHL KAJAL HENNA BRAND BEAUTY COSMETIC MAKEUP FOR WOMEN AND GIRLS\2.PNG
eyes,32,CARE BEARS X SHEGLAM CARE BEARS X SWEET WISHES COLOERD EYELINER SWEET AS SUGER KOHL KAJAL HENNA BRAND BEAUTY COSMETIC MAKEUP FOR WOMEN AND GIRLS,3.PNG,eyes\32\CARE BEARS X SHEGLAM CARE BEARS X SWEET WISHES COLOERD EYELINER SWEET AS SUGER KOHL KAJAL HENNA BRAND BEAUTY COSMETIC MAKEUP FOR WOMEN AND GIRLS\3.PNG
eyes,32,CARE BEARS X SHEGLAM CARE BEARS X SWEET WISHES COLOERD EYELINER TRUE HEART KOHL KAJAL HENNA BRAND BEAUTY COSMETIC MAKEUP FOR WOMEN AND GIRLS,1.PNG,eyes\32\CARE BEARS X SHEGLAM CARE BEARS X SWEET WISHES COLOERD EYELINER TRUE HEART KOHL KAJAL HENNA BRAND BEAUTY COSMETIC MAKEUP FOR WOMEN AND GIRLS\1.PNG
eyes,32,CARE BEARS X SHEGLAM CARE BEARS X SWEET WISHES COLOERD EYELINER TRUE HEART KOHL KAJAL HENNA BRAND BEAUTY COSMETIC MAKEUP FOR WOMEN AND GIRLS,2.PNG,eyes\32\CARE BEARS X SHEGLAM CARE BEARS X SWEET WISHES COLOERD EYELINER TRUE HEART KOHL KAJAL HENNA BRAND BEAUTY COSMETIC MAKEUP FOR WOMEN AND GIRLS\2.PNG
eyes,32,CARE BEARS X SHEGLAM CARE BEARS X SWEET WISHES COLOERD EYELINER TRUE HEART KOHL KAJAL HENNA BRAND BEAUTY COSMETIC MAKEUP FOR WOMEN AND GIRLS,3.PNG,eyes\32\CARE BEARS X SHEGLAM CARE BEARS X SWEET WISHES COLOERD EYELINER TRUE HEART KOHL KAJAL HENNA BRAND BEAUTY COSMETIC MAKEUP FOR WOMEN AND GIRLS\3.PNG
eyes,33,SHEGLAM On-Line Dual Eyeliner-Black Kohl Kajal Henna Brand Beauty Cosmetic Makeup For Women And Girls,1.PNG,eyes\33\SHEGLAM On-Line Dual Eyeliner-Black Kohl Kajal Henna Brand Beauty Cosmetic Makeup For Women And Girls\1.PNG
eyes,33,SHEGLAM On-Line Dual Eyeliner-Black Kohl Kajal Henna Brand Beauty Cosmetic Makeup For Women And Girls,2.PNG,eyes\33\SHEGLAM On-Line Dual Eyeliner-Black Kohl Kajal Henna Brand Beauty Cosmetic Makeup For Women And Girls\2.PNG
eyes,33,SHEGLAM On-Line Dual Eyeliner-Black Kohl Kajal Henna Brand Beauty Cosmetic Makeup For Women And Girls,3.PNG,eyes\33\SHEGLAM On-Line Dual Eyeliner-Black Kohl Kajal Henna Brand Beauty Cosmetic Makeup For Women And Girls\3.PNG
eyes,35,SHEGLAM Set Me Up Brow Gel Brow Pomade Brand Beauty Cosmetic Makeup For Women And Girls,1.jpeg,eyes\35\SHEGLAM Set Me Up Brow Gel Brow Pomade Brand Beauty Cosmetic Makeup For Women And Girls\1.jpeg
eyes,35,SHEGLAM Set Me Up Brow Gel Brow Pomade Brand Beauty Cosmetic Makeup For Women And Girls,2.PNG,eyes\35\SHEGLAM Set Me Up Brow Gel Brow Pomade Brand Beauty Cosmetic Makeup For Women And Girls\2.PNG
eyes,35,SHEGLAM Set Me Up Brow Gel Brow Pomade Brand Beauty Cosmetic Makeup For Women And Girls,3.PNG,eyes\35\SHEGLAM Set Me Up Brow Gel Brow Pomade Brand Beauty Cosmetic Makeup For Women And Girls\3.PNG
eyes,37,SHEGLAM Airglow Eye Tint-Nectar Brand Beauty Cosmetic Makeup For Women And Girls,1.PNG,eyes\37\SHEGLAM Airglow Eye Tint-Nectar Brand Beauty Cosmetic Makeup For Women And Girls\1.PNG
eyes,37,SHEGLAM Airglow Eye Tint-Nectar Brand Beauty Cosmetic Makeup For Women And Girls,2.PNG,eyes\37\SHEGLAM Airglow Eye Tint-Nectar Brand Beauty Cosmetic Makeup For Women And Girls\2.PNG
eyes,37,SHEGLAM Airglow Eye Tint-Nectar Brand Beauty Cosmetic Makeup For Women And Girls,3.PNG,eyes\37\SHEGLAM Airglow Eye Tint-Nectar Brand Beauty Cosmetic Makeup For Women And Girls\3.PNG
eyes,48,SHEGLAM Boldline Gel Liner Sharpener Brand Beauty Cosmetic Makeup For Women And Girls,1.PNG,eyes\48\SHEGLAM Boldline Gel Liner Sharpener Brand Beauty Cosmetic Makeup For Women And Girls\1.PNG
eyes,48,SHEGLAM Boldline Gel Liner Sharpener Brand Beauty Cosmetic Makeup For Women And Girls,2.PNG,eyes\48\SHEGLAM Boldline Gel Liner Sharpener Brand Beauty Cosmetic Makeup For Women And Girls\2.PNG
eyes,48,SHEGLAM Boldline Longwear Multi-Function Gel Liner-Azure Blue Kohl Kajal Henna Brand Beauty Cosmetic Makeup For Women And Girls,1.jpeg,eyes\48\SHEGLAM Boldline Longwear Multi-Function Gel Liner-Azure Blue Kohl Kajal Henna Brand Beauty Cosmetic Makeup For Women And Girls\1.jpeg
eyes,48,SHEGLAM Boldline Longwear Multi-Function Gel Liner-Azure Blue Kohl Kajal Henna Brand Beauty Cosmetic Makeup For Women And Girls,2.PNG,eyes\48\SHEGLAM Boldline Longwear Multi-Function Gel Liner-Azure Blue Kohl Kajal Henna Brand Beauty Cosmetic Makeup For Women And Girls\2.PNG
eyes,48,SHEGLAM Boldline Longwear Multi-Function Gel Liner-Azure Blue Kohl Kajal Henna Brand Beauty Cosmetic Makeup For Women And Girls,3.PNG,eyes\48\SHEGLAM Boldline Longwear Multi-Function Gel Liner-Azure Blue Kohl Kajal Henna Brand Beauty Cosmetic Makeup For Women And Girls\3.PNG
eyes,48,SHEGLAM Boldline Longwear Multi-Function Gel Liner-Black Kohl Kajal Henna Brand Beauty Cosmetic Makeup For Women And Girls,1.jpeg,eyes\48\SHEGLAM Boldline Longwear Multi-Function Gel Liner-Black Kohl Kajal Henna Brand Beauty Cosmetic Makeup For Women And Girls\1.jpeg
eyes,48,SHEGLAM Boldline Longwear Multi-Function Gel Liner-Black Kohl Kajal Henna Brand Beauty Cosmetic Makeup For Women And Girls,2.PNG,eyes\48\SHEGLAM Boldline Longwear Multi-Function Gel Liner-Black Kohl Kajal Henna Brand Beauty Cosmetic Makeup For Women And Girls\2.PNG
eyes,48,SHEGLAM Boldline Longwear Multi-Function Gel Liner-Black Kohl Kajal Henna Brand Beauty Cosmetic Makeup For Women And Girls,3.PNG,eyes\48\SHEGLAM Boldline Longwear Multi-Function Gel Liner-Black Kohl Kajal Henna Brand Beauty Cosmetic Makeup For Women And Girls\3.PNG
eyes,48,SHEGLAM Boldline Longwear Multi-Function Gel Liner-Burgundy Kohl Kajal Henna Brand Beauty Cosmetic Makeup For Women And Girls,1.jpeg,eyes\48\SHEGLAM Boldline Longwear Multi-Function Gel Liner-Burgundy Kohl Kajal Henna Brand Beauty Cosmetic Makeup For Women And Girls\1.jpeg
eyes,48,SHEGLAM Boldline Longwear Multi-Function Gel Liner-Burgundy Kohl Kajal Henna Brand Beauty Cosmetic Makeup For Women And Girls,2.PNG,eyes\48\SHEGLAM Boldline Longwear Multi-Function Gel Liner-Burgundy Kohl Kajal Henna Brand Beauty Cosmetic Makeup For Women And Girls\2.PNG
eyes,48,SHEGLAM Boldline Longwear Multi-Function Gel Liner-Burgundy Kohl Kajal Henna Brand Beauty Cosmetic Makeup For Women And Girls,3.PNG,eyes\48\SHEGLAM Boldline Longwear Multi-Function Gel Liner-Burgundy Kohl Kajal Henna Brand Beauty Cosmetic Makeup For Women And Girls\3.PNG
eyes,48,SHEGLAM Boldline Longwear Multi-Function Gel Liner-Chocolate Kohl Kajal Henna Brand Beauty Cosmetic Makeup For Women And Girls,1.jpeg,eyes\48\SHEGLAM Boldline Longwear Multi-Function Gel Liner-Chocolate Kohl Kajal Henna Brand Beauty Cosmetic Makeup For Women And Girls\1.jpeg
eyes,48,SHEGLAM Boldline Longwear Multi-Function Gel Liner-Chocolate Kohl Kajal Henna Brand Beauty Cosmetic Makeup For Women And Girls,2.PNG,eyes\48\SHEGLAM Boldline Longwear Multi-Function Gel Liner-Chocolate Kohl Kajal Henna Brand Beauty Cosmetic Makeup For Women And Girls\2.PNG
eyes,48,SHEGLAM Boldline Longwear Multi-Function Gel Liner-Chocolate Kohl Kajal Henna Brand Beauty Cosmetic Makeup For Women And Girls,3.PNG,eyes\48\SHEGLAM Boldline Longwear Multi-Function Gel Liner-Chocolate Kohl Kajal Henna Brand Beauty Cosmetic Makeup For Women And Girls\3.PNG
eyes,48,SHEGLAM Boldline Longwear Multi-Function Gel Liner-Hot Pink Kohl Kajal Henna Brand Beauty Cosmetic Makeup For Women And Girls,1.jpeg,eyes\48\SHEGLAM Boldline Longwear Multi-Function Gel Liner-Hot Pink Kohl Kajal Henna Brand Beauty Cosmetic Makeup For Women And Girls\1.jpeg
eyes,48,SHEGLAM Boldline Longwear Multi-Function Gel Liner-Hot Pink Kohl Kajal Henna Brand Beauty Cosmetic Makeup For Women And Girls,2.PNG,eyes\48\SHEGLAM Boldline Longwear Multi-Function Gel Liner-Hot Pink Kohl Kajal Henna Brand Beauty Cosmetic Makeup For Women And Girls\2.PNG
eyes,48,SHEGLAM Boldline Longwear Multi-Function Gel Liner-Hot Pink Kohl Kajal Henna Brand Beauty Cosmetic Makeup For Women And Girls,3.PNG,eyes\48\SHEGLAM Boldline Longwear Multi-Function Gel Liner-Hot Pink Kohl Kajal Henna Brand Beauty Cosmetic Makeup For Women And Girls\3.PNG
eyes,48,SHEGLAM Boldline Longwear Multi-Function Gel Liner-Metallic Green Kohl Kajal Henna Brand Beauty Cosmetic Makeup For Women And Girls,1.jpeg,eyes\48\SHEGLAM Boldline Longwear Multi-Function Gel Liner-Metallic Green Kohl Kajal Henna Brand Beauty Cosmetic Makeup For Women And Girls\1.jpeg
eyes,48,SHEGLAM Boldline Longwear Multi-Function Gel Liner-Metallic Green Kohl Kajal Henna Brand Beauty Cosmetic Makeup For Women And Girls,2.PNG,eyes\48\SHEGLAM Boldline Longwear Multi-Function Gel Liner-Metallic Green Kohl Kajal Henna Brand Beauty Cosmetic Makeup For Women And Girls\2.PNG
eyes,48,SHEGLAM Boldline Longwear Multi-Function Gel Liner-Metallic Green Kohl Kajal Henna Brand Beauty Cosmetic Makeup For Women And Girls,3.PNG,eyes\48\SHEGLAM Boldline Longwear Multi-Function Gel Liner-Metallic Green Kohl Kajal Henna Brand Beauty Cosmetic Makeup For Women And Girls\3.PNG
eyes,48,SHEGLAM Boldline Longwear Multi-Function Gel Liner-Silver Kohl Kajal Henna Brand Beauty Cosmetic Makeup For Women And Girls,1.jpeg,eyes\48\SHEGLAM Boldline Longwear Multi-Function Gel Liner-Silver Kohl Kajal Henna Brand Beauty Cosmetic Makeup For Women And Girls\1.jpeg
eyes,48,SHEGLAM Boldline Longwear Multi-Function Gel Liner-Silver Kohl Kajal Henna Brand Beauty Cosmetic Makeup For Women And Girls,2.PNG,eyes\48\SHEGLAM Boldline Longwear Multi-Function Gel Liner-Silver Kohl Kajal Henna Brand Beauty Cosmetic Makeup For Women And Girls\2.PNG
eyes,48,SHEGLAM Boldline Longwear Multi-Function Gel Liner-Silver Kohl Kajal Henna Brand Beauty Cosmetic Makeup For Women And Girls,3.PNG,eyes\48\SHEGLAM Boldline Longwear Multi-Function Gel Liner-Silver Kohl Kajal Henna Brand Beauty Cosmetic Makeup For Women And Girls\3.PNG
eyes,48,SHEGLAM Boldline Longwear Multi-Function Gel Liner-Violet Kohl Kajal Henna Brand Beauty Cosmetic Makeup For Women And Girls,1.jpeg,eyes\48\SHEGLAM Boldline Longwear Multi-Function Gel Liner-Violet Kohl Kajal Henna Brand Beauty Cosmetic Makeup For Women And Girls\1.jpeg
eyes,48,SHEGLAM Boldline Longwear Multi-Function Gel Liner-Violet Kohl Kajal Henna Brand Beauty Cosmetic Makeup For Women And Girls,2.PNG,eyes\48\SHEGLAM Boldline Longwear Multi-Function Gel Liner-Violet Kohl Kajal Henna Brand Beauty Cosmetic Makeup For Women And Girls\2.PNG
eyes,48,SHEGLAM Boldline Longwear Multi-Function Gel Liner-Violet Kohl Kajal Henna Brand Beauty Cosmetic Makeup For Women And Girls,3.PNG,eyes\48\SHEGLAM Boldline Longwear Multi-Function Gel Liner-Violet Kohl Kajal Henna Brand Beauty Cosmetic Makeup For Women And Girls\3.PNG
eyes,48,SHEGLAM Boldline Longwear Multi-Function Gel Liner-White Kohl Kajal Henna Brand Beauty Cosmetic Makeup For Women And Girls,1.jpeg,eyes\48\SHEGLAM Boldline Longwear Multi-Function Gel Liner-White Kohl Kajal Henna Brand Beauty Cosmetic Makeup For Women And Girls\1.jpeg
eyes,48,SHEGLAM Boldline Longwear Multi-Function Gel Liner-White Kohl Kajal Henna Brand Beauty Cosmetic Makeup For Women And Girls,2.PNG,eyes\48\SHEGLAM Boldline Longwear Multi-Function Gel Liner-White Kohl Kajal Henna Brand Beauty Cosmetic Makeup For Women And Girls\2.PNG
eyes,48,SHEGLAM Boldline Longwear Multi-Function Gel Liner-White Kohl Kajal Henna Brand Beauty Cosmetic Makeup For Women And Girls,3.PNG,eyes\48\SHEGLAM Boldline Longwear Multi-Function Gel Liner-White Kohl Kajal Henna Brand Beauty Cosmetic Makeup For Women And Girls\3.PNG
eyes,49,SHEGLAM On-Line Creamy Eyeliner-Black Kohl Kajal Henna Brand Beauty Cosmetic Makeup For Women And Girls,1.PNG,eyes\49\SHEGLAM On-Line Creamy Eyeliner-Black Kohl Kajal Henna Brand Beauty Cosmetic Makeup For Women And Girls\1.PNG
eyes,49,SHEGLAM On-Line Creamy Eyeliner-Black Kohl Kajal Henna Brand Beauty Cosmetic Makeup For Women And Girls,2.PNG,eyes\49\SHEGLAM On-Line Creamy Eyeliner-Black Kohl Kajal Henna Brand Beauty Cosmetic Makeup For Women And Girls\2.PNG
eyes,49,SHEGLAM On-Line Creamy Eyeliner-Black Kohl Kajal Henna Brand Beauty Cosmetic Makeup For Women And Girls,3.PNG,eyes\49\SHEGLAM On-Line Creamy Eyeliner-Black Kohl Kajal Henna Brand Beauty Cosmetic Makeup For Women And Girls\3.PNG
eyes,49,SHEGLAM On-Line Creamy Eyeliner-Brown Kohl Kajal Henna Brand Beauty Cosmetic Makeup For Women And Girls,1.PNG,eyes\49\SHEGLAM On-Line Creamy Eyeliner-Brown Kohl Kajal Henna Brand Beauty Cosmetic Makeup For Women And Girls\1.PNG
eyes,49,SHEGLAM On-Line Creamy Eyeliner-Brown Kohl Kajal Henna Brand Beauty Cosmetic Makeup For Women And Girls,2.PNG,eyes\49\SHEGLAM On-Line Creamy Eyeliner-Brown Kohl Kajal Henna Brand Beauty Cosmetic Makeup For Women And Girls\2.PNG
eyes,49,SHEGLAM On-Line Creamy Eyeliner-Brown Kohl Kajal Henna Brand Beauty Cosmetic Makeup For Women And Girls,3.PNG,eyes\49\SHEGLAM On-Line Creamy Eyeliner-Brown Kohl Kajal Henna Brand Beauty Cosmetic Makeup For Women And Girls\3.PNG
eyes,50,SHEGLAM Good Point Waterproof Angled Eyeliner Pencil-Black Kohl Kajal Henna Brand Beauty Cosmetic Makeup For Women And Girls,1.PNG,eyes\50\SHEGLAM Good Point Waterproof Angled Eyeliner Pencil-Black Kohl Kajal Henna Brand Beauty Cosmetic Makeup For Women And Girls\1.PNG
eyes,50,SHEGLAM Good Point Waterproof Angled Eyeliner Pencil-Black Kohl Kajal Henna Brand Beauty Cosmetic Makeup For Women And Girls,2.PNG,eyes\50\SHEGLAM Good Point Waterproof Angled Eyeliner Pencil-Black Kohl Kajal Henna Brand Beauty Cosmetic Makeup For Women And Girls\2.PNG
eyes,50,SHEGLAM Good Point Waterproof Angled Eyeliner Pencil-Black Kohl Kajal Henna Brand Beauty Cosmetic Makeup For Women And Girls,3.PNG,eyes\50\SHEGLAM Good Point Waterproof Angled Eyeliner Pencil-Black Kohl Kajal Henna Brand Beauty Cosmetic Makeup For Women And Girls\3.PNG
eyes,61,SHEGLAM All-In-One 24K Multi-Effect Mascara Brand Beauty Cosmetic Makeup For Women And Girls,1.PNG,eyes\61\SHEGLAM All-In-One 24K Multi-Effect Mascara Brand Beauty Cosmetic Makeup For Women And Girls\1.PNG
eyes,61,SHEGLAM All-In-One 24K Multi-Effect Mascara Brand Beauty Cosmetic Makeup For Women And Girls,2.PNG,eyes\61\SHEGLAM All-In-One 24K Multi-Effect Mascara Brand Beauty Cosmetic Makeup For Women And Girls\2.PNG
eyes,61,SHEGLAM All-In-One 24K Multi-Effect Mascara Brand Beauty Cosmetic Makeup For Women And Girls,3.PNG,eyes\61\SHEGLAM All-In-One 24K Multi-Effect Mascara Brand Beauty Cosmetic Makeup For Women And Girls\3.PNG
eyes,61,SHEGLAM All-In-One Volume & Length Mascara Brand Beauty Cosmetic Makeup For Women And Girls,1.PNG,eyes\61\SHEGLAM All-In-One Volume & Length Mascara Brand Beauty Cosmetic Makeup For Women And Girls\1.PNG
eyes,61,SHEGLAM All-In-One Volume & Length Mascara Brand Beauty Cosmetic Makeup For Women And Girls,2.PNG,eyes\61\SHEGLAM All-In-One Volume & Length Mascara Brand Beauty Cosmetic Makeup For Women And Girls\2.PNG
eyes,61,SHEGLAM All-In-One Volume & Length Mascara Brand Beauty Cosmetic Makeup For Women And Girls,3.PNG,eyes\61\SHEGLAM All-In-One Volume & Length Mascara Brand Beauty Cosmetic Makeup For Women And Girls\3.PNG
eyes,61,SHEGLAM All-In-One Volume & Length Mascara Brand Beauty Cosmetic Makeup For Women And Girls,4.PNG,eyes\61\SHEGLAM All-In-One Volume & Length Mascara Brand Beauty Cosmetic Makeup For Women And Girls\4.PNG
eyes,61,SHEGLAM All-In-One Volume & Length Mascara-Washable Black Brand Beauty Cosmetic Makeup For Women And Girls,1.PNG,eyes\61\SHEGLAM All-In-One Volume & Length Mascara-Washable Black Brand Beauty Cosmetic Makeup For Women And Girls\1.PNG
eyes,61,SHEGLAM All-In-One Volume & Length Mascara-Washable Black Brand Beauty Cosmetic Makeup For Women And Girls,2.PNG,eyes\61\SHEGLAM All-In-One Volume & Length Mascara-Washable Black Brand Beauty Cosmetic Makeup For Women And Girls\2.PNG
eyes,61,SHEGLAM All-In-One Volume & Length Mascara-Washable Black Brand Beauty Cosmetic Makeup For Women And Girls,3.PNG,eyes\61\SHEGLAM All-In-One Volume & Length Mascara-Washable Black Brand Beauty Cosmetic Makeup For Women And Girls\3.PNG
eyes,61,SHEGLAM All-In-One Volume & Length Mascara-Washable Black Brand Beauty Cosmetic Makeup For Women And Girls,4.PNG,eyes\61\SHEGLAM All-In-One Volume & Length Mascara-Washable Black Brand Beauty Cosmetic Makeup For Women And Girls\4.PNG
eyes,61,SHEGLAM All-In-One Volume & Length Mascara-Waterproof Blue Brand Beauty Cosmetic Makeup For Women And Girls,1.PNG,eyes\61\SHEGLAM All-In-One Volume & Length Mascara-Waterproof Blue Brand Beauty Cosmetic Makeup For Women And Girls\1.PNG
eyes,61,SHEGLAM All-In-One Volume & Length Mascara-Waterproof Blue Brand Beauty Cosmetic Makeup For Women And Girls,3.PNG,eyes\61\SHEGLAM All-In-One Volume & Length Mascara-Waterproof Blue Brand Beauty Cosmetic Makeup For Women And Girls\3.PNG
eyes,61,SHEGLAM All-In-One Volume & Length Mascara-Waterproof Blue Brand Beauty Cosmetic Makeup For Women And Girls,4.PNG,eyes\61\SHEGLAM All-In-One Volume & Length Mascara-Waterproof Blue Brand Beauty Cosmetic Makeup For Women And Girls\4.PNG
eyes,61,SHEGLAM All-In-One Volume & Length Mascara-Waterproof Macchiato Brand Beauty Cosmetic Makeup For Women And Girls,1.jpeg,eyes\61\SHEGLAM All-In-One Volume & Length Mascara-Waterproof Macchiato Brand Beauty Cosmetic Makeup For Women And Girls\1.jpeg
eyes,61,SHEGLAM All-In-One Volume & Length Mascara-Waterproof Macchiato Brand Beauty Cosmetic Makeup For Women And Girls,2.PNG,eyes\61\SHEGLAM All-In-One Volume & Length Mascara-Waterproof Macchiato Brand Beauty Cosmetic Makeup For Women And Girls\2.PNG
eyes,61,SHEGLAM All-In-One Volume & Length Mascara-Waterproof Macchiato Brand Beauty Cosmetic Makeup For Women And Girls,3.PNG,eyes\61\SHEGLAM All-In-One Volume & Length Mascara-Waterproof Macchiato Brand Beauty Cosmetic Makeup For Women And Girls\3.PNG
eyes,61,SHEGLAM All-In-One Volume & Length Mascara-Waterproof Macchiato Brand Beauty Cosmetic Makeup For Women And Girls,4.PNG,eyes\61\SHEGLAM All-In-One Volume & Length Mascara-Waterproof Macchiato Brand Beauty Cosmetic Makeup For Women And Girls\4.PNG
eyes,62,SHEGLAM Lash Besties 2-In-1 Mascara - Black Brand Beauty Cosmetic Makeup For Women And Girls,1.PNG,eyes\62\SHEGLAM Lash Besties 2-In-1 Mascara - Black Brand Beauty Cosmetic Makeup For Women And Girls\1.PNG
eyes,62,SHEGLAM Lash Besties 2-In-1 Mascara - Black Brand Beauty Cosmetic Makeup For Women And Girls,2.PNG,eyes\62\SHEGLAM Lash Besties 2-In-1 Mascara - Black Brand Beauty Cosmetic Makeup For Women And Girls\2.PNG
eyes,62,SHEGLAM Lash Besties 2-In-1 Mascara - Black Brand Beauty Cosmetic Makeup For Women And Girls,3.PNG,eyes\62\SHEGLAM Lash Besties 2-In-1 Mascara - Black Brand Beauty Cosmetic Makeup For Women And Girls\3.PNG
eyes,63,SHEGLAM Flutter Wink Volumizing Mascara-Black Brand Beauty Cosmetic Makeup For Women And Girls,1.PNG,eyes\63\SHEGLAM Flutter Wink Volumizing Mascara-Black Brand Beauty Cosmetic Makeup For Women And Girls\1.PNG
eyes,63,SHEGLAM Flutter Wink Volumizing Mascara-Black Brand Beauty Cosmetic Makeup For Women And Girls,2.PNG,eyes\63\SHEGLAM Flutter Wink Volumizing Mascara-Black Brand Beauty Cosmetic Makeup For Women And Girls\2.PNG
eyes,63,SHEGLAM Flutter Wink Volumizing Mascara-Black Brand Beauty Cosmetic Makeup For Women And Girls,3.PNG,eyes\63\SHEGLAM Flutter Wink Volumizing Mascara-Black Brand Beauty Cosmetic Makeup For Women And Girls\3.PNG
eyes,64,Lashlighter Infinite Tubing Mascara Brand Beauty Cosmetic Makeup For Women And Girls,1.jpeg,eyes\64\Lashlighter Infinite Tubing Mascara Brand Beauty Cosmetic Makeup For Women And Girls\1.jpeg
eyes,64,Lashlighter Infinite Tubing Mascara Brand Beauty Cosmetic Makeup For Women And Girls,2.PNG,eyes\64\Lashlighter Infinite Tubing Mascara Brand Beauty Cosmetic Makeup For Women And Girls\2.PNG
eyes,64,Lashlighter Infinite Tubing Mascara Brand Beauty Cosmetic Makeup For Women And Girls,3.PNG,eyes\64\Lashlighter Infinite Tubing Mascara Brand Beauty Cosmetic Makeup For Women And Girls\3.PNG
eyes,64,Lashlighter Infinite Tubing Mascara Brand Beauty Cosmetic Makeup For Women And Girls,4.PNG,eyes\64\Lashlighter Infinite Tubing Mascara Brand Beauty Cosmetic Makeup For Women And Girls\4.PNG
eyes,64,SHEGLAM Lashlighter Ez Mascara Remover Brand Beauty Cosmetic Makeup For Women And Girls,1.PNG,eyes\64\SHEGLAM Lashlighter Ez Mascara Remover Brand Beauty Cosmetic Makeup For Women And Girls\1.PNG
eyes,64,SHEGLAM Lashlighter Ez Mascara Remover Brand Beauty Cosmetic Makeup For Women And Girls,2.PNG,eyes\64\SHEGLAM Lashlighter Ez Mascara Remover Brand Beauty Cosmetic Makeup For Women And Girls\2.PNG
eyes,64,SHEGLAM Lashlighter Ez Mascara Remover Brand Beauty Cosmetic Makeup For Women And Girls,3.PNG,eyes\64\SHEGLAM Lashlighter Ez Mascara Remover Brand Beauty Cosmetic Makeup For Women And Girls\3.PNG
eyes,64,SHEGLAM Lashlighter Up & Out Mascara Brand Beauty Cosmetic Makeup For Women And Girls,1.jpeg,eyes\64\SHEGLAM Lashlighter Up & Out Mascara Brand Beauty Cosmetic Makeup For Women And Girls\1.jpeg
eyes,64,SHEGLAM Lashlighter Up & Out Mascara Brand Beauty Cosmetic Makeup For Women And Girls,2.PNG,eyes\64\SHEGLAM Lashlighter Up & Out Mascara Brand Beauty Cosmetic Makeup For Women And Girls\2.PNG
eyes,64,SHEGLAM Lashlighter Up & Out Mascara Brand Beauty Cosmetic Makeup For Women And Girls,3.PNG,eyes\64\SHEGLAM Lashlighter Up & Out Mascara Brand Beauty Cosmetic Makeup For Women And Girls\3.PNG
eyes,69,CATWOMAN™  SHEGLAM Meow Eyeliner Kohl Kajal Henna Brand Beauty Cosmetic Makeup For Women And Girls,1.PNG,eyes\69\CATWOMAN™  SHEGLAM Meow Eyeliner Kohl Kajal Henna Brand Beauty Cosmetic Makeup For Women And Girls\1.PNG
eyes,69,CATWOMAN™  SHEGLAM Meow Eyeliner Kohl Kajal Henna Brand Beauty Cosmetic Makeup For Women And Girls,2.PNG,eyes\69\CATWOMAN™  SHEGLAM Meow Eyeliner Kohl Kajal Henna Brand Beauty Cosmetic Makeup For Women And Girls\2.PNG
eyes,69,CATWOMAN™  SHEGLAM Meow Eyeliner Kohl Kajal Henna Brand Beauty Cosmetic Makeup For Women And Girls,3.PNG,eyes\69\CATWOMAN™  SHEGLAM Meow Eyeliner Kohl Kajal Henna Brand Beauty Cosmetic Makeup For Women And Girls\3.PNG
eyes,81,SHEGLAM Big N' Bright Eye Pencil-Frost Brand Beauty Cosmetic Makeup For Women And Girls,1.PNG,eyes\81\SHEGLAM Big N' Bright Eye Pencil-Frost Brand Beauty Cosmetic Makeup For Women And Girls\1.PNG
eyes,81,SHEGLAM Big N' Bright Eye Pencil-Frost Brand Beauty Cosmetic Makeup For Women And Girls,2.PNG,eyes\81\SHEGLAM Big N' Bright Eye Pencil-Frost Brand Beauty Cosmetic Makeup For Women And Girls\2.PNG
eyes,81,SHEGLAM Big N' Bright Eye Pencil-Frost Brand Beauty Cosmetic Makeup For Women And Girls,3.PNG,eyes\81\SHEGLAM Big N' Bright Eye Pencil-Frost Brand Beauty Cosmetic Makeup For Women And Girls\3.PNG
eyes,81,SHEGLAM Big N' Bright Eye Pencil-Rosé Brand Beauty Cosmetic Makeup For Women And Girls,1.PNG,eyes\81\SHEGLAM Big N' Bright Eye Pencil-Rosé Brand Beauty Cosmetic Makeup For Women And Girls\1.PNG
eyes,81,SHEGLAM Big N' Bright Eye Pencil-Rosé Brand Beauty Cosmetic Makeup For Women And Girls,2.PNG,eyes\81\SHEGLAM Big N' Bright Eye Pencil-Rosé Brand Beauty Cosmetic Makeup For Women And Girls\2.PNG
eyes,81,SHEGLAM Big N' Bright Eye Pencil-Rosé Brand Beauty Cosmetic Makeup For Women And Girls,3.PNG,eyes\81\SHEGLAM Big N' Bright Eye Pencil-Rosé Brand Beauty Cosmetic Makeup For Women And Girls\3.PNG
eyes,83,SHEGLAM Gro-Pro Nourishing Lash Serum-Clear Brand Beauty Cosmetic Makeup For Women And Girls,1.PNG,eyes\83\SHEGLAM Gro-Pro Nourishing Lash Serum-Clear Brand Beauty Cosmetic Makeup For Women And Girls\1.PNG
eyes,83,SHEGLAM Gro-Pro Nourishing Lash Serum-Clear Brand Beauty Cosmetic Makeup For Women And Girls,2.PNG,eyes\83\SHEGLAM Gro-Pro Nourishing Lash Serum-Clear Brand Beauty Cosmetic Makeup For Women And Girls\2.PNG
eyes,83,SHEGLAM Gro-Pro Nourishing Lash Serum-Clear Brand Beauty Cosmetic Makeup For Women And Girls,3.PNG,eyes\83\SHEGLAM Gro-Pro Nourishing Lash Serum-Clear Brand Beauty Cosmetic Makeup For Women And Girls\3.PNG
eyes,88,SHEGLAM Major Beam Blast Eyeshadow Brand Beauty Cosmetic Makeup For Women And Girls,1.PNG,eyes\88\SHEGLAM Major Beam Blast Eyeshadow Brand Beauty Cosmetic Makeup For Women And Girls\1.PNG
eyes,88,SHEGLAM Major Beam Blast Eyeshadow Brand Beauty Cosmetic Makeup For Women And Girls,2.PNG,eyes\88\SHEGLAM Major Beam Blast Eyeshadow Brand Beauty Cosmetic Makeup For Women And Girls\2.PNG
eyes,88,SHEGLAM Major Beam Blast Eyeshadow Brand Beauty Cosmetic Makeup For Women And Girls,3.PNG,eyes\88\SHEGLAM Major Beam Blast Eyeshadow Brand Beauty Cosmetic Makeup For Women And Girls\3.PNG
eyes,89,SHEGLAM Daydreamer Mini Palette-Teddy Meringue Brand Beauty Cosmetic Makeup For Women And Girls,1.PNG,eyes\89\SHEGLAM Daydreamer Mini Palette-Teddy Meringue Brand Beauty Cosmetic Makeup For Women And Girls\1.PNG
eyes,89,SHEGLAM Daydreamer Mini Palette-Teddy Meringue Brand Beauty Cosmetic Makeup For Women And Girls,2.PNG,eyes\89\SHEGLAM Daydreamer Mini Palette-Teddy Meringue Brand Beauty Cosmetic Makeup For Women And Girls\2.PNG
eyes,89,SHEGLAM Daydreamer Mini Palette-Teddy Meringue Brand Beauty Cosmetic Makeup For Women And Girls,3.PNG,eyes\89\SHEGLAM Daydreamer Mini Palette-Teddy Meringue Brand Beauty Cosmetic Makeup For Women And Girls\3.PNG
eyes,89,SHEGLAM Daydreamer Mini Palette-Teddy Meringue Brand Beauty Cosmetic Makeup For Women And Girls,4.PNG,eyes\89\SHEGLAM Daydreamer Mini Palette-Teddy Meringue Brand Beauty Cosmetic Makeup For Women And Girls\4.PNG
eyes,96,SHEGLAM Rapid Retouch Cream Concealer-Buttercream Brand Beauty Cosmetic Makeup For Women And Girls,1.PNG,eyes\96\SHEGLAM Rapid Retouch Cream Concealer-Buttercream Brand Beauty Cosmetic Makeup For Women And Girls\1.PNG
eyes,96,SHEGLAM Rapid Retouch Cream Concealer-Buttercream Brand Beauty Cosmetic Makeup For Women And Girls,2.PNG,eyes\96\SHEGLAM Rapid Retouch Cream Concealer-Buttercream Brand Beauty Cosmetic Makeup For Women And Girls\2.PNG
eyes,96,SHEGLAM Rapid Retouch Cream Concealer-Buttercream Brand Beauty Cosmetic Makeup For Women And Girls,3.PNG,eyes\96\SHEGLAM Rapid Retouch Cream Concealer-Buttercream Brand Beauty Cosmetic Makeup For Women And Girls\3.PNG
eyes,g,SHEGLAM Bright Eyes Cooling Concealer-Fair Brand Beauty Cosmetic Makeup For Women And Girls,1.PNG,eyes\g\SHEGLAM Bright Eyes Cooling Concealer-Fair Brand Beauty Cosmetic Makeup For Women And Girls\1.PNG
eyes,g,SHEGLAM Bright Eyes Cooling Concealer-Fair Brand Beauty Cosmetic Makeup For Women And Girls,2.PNG,eyes\g\SHEGLAM Bright Eyes Cooling Concealer-Fair Brand Beauty Cosmetic Makeup For Women And Girls\2.PNG
eyes,g,SHEGLAM Bright Eyes Cooling Concealer-Fair Brand Beauty Cosmetic Makeup For Women And Girls,3.PNG,eyes\g\SHEGLAM Bright Eyes Cooling Concealer-Fair Brand Beauty Cosmetic Makeup For Women And Girls\3.PNG
face,3,SHEGLAM Apricot Dream Cheek & Lip Cream Stack 0 Brand Beauty Cosmetic Makeup For Women And Girls,1.jpeg,face\3\SHEGLAM Apricot Dream Cheek & Lip Cream Stack 0 Brand Beauty Cosmetic Makeup For Women And Girls\1.jpeg
face,3,SHEGLAM Apricot Dream Cheek & Lip Cream Stack 0 Brand Beauty Cosmetic Makeup For Women And Girls,2.PNG,face\3\SHEGLAM Apricot Dream Cheek & Lip Cream Stack 0 Brand Beauty Cosmetic Makeup For Women And Girls\2.PNG
face,3,SHEGLAM Apricot Dream Cheek & Lip Cream Stack 0 Brand Beauty Cosmetic Makeup For Women And Girls,3.PNG,face\3\SHEGLAM Apricot Dream Cheek & Lip Cream Stack 0 Brand Beauty Cosmetic Makeup For Women And Girls\3.PNG
face,3,SHEGLAM Very Cherry Cheek & Lip Cream Stack Brand Beauty Cosmetic Makeup For Women And Girls,1.jpeg,face\3\SHEGLAM Very Cherry Cheek & Lip Cream Stack Brand Beauty Cosmetic Makeup For Women And Girls\1.jpeg
face,3,SHEGLAM Very Cherry Cheek & Lip Cream Stack Brand Beauty Cosmetic Makeup For Women And Girls,2.PNG,face\3\SHEGLAM Very Cherry Cheek & Lip Cream Stack Brand Beauty Cosmetic Makeup For Women And Girls\2.PNG
face,3,SHEGLAM Very Cherry Cheek & Lip Cream Stack Brand Beauty Cosmetic Makeup For Women And Girls,3.PNG,face\3\SHEGLAM Very Cherry Cheek & Lip Cream Stack Brand Beauty Cosmetic Makeup For Women And Girls\3.PNG
face,10,SHEGLAM 3D Pro Face Palette-Dune Brand Beauty Cosmetic Makeup For Women And Girls,1.PNG,face\10\SHEGLAM 3D Pro Face Palette-Dune Brand Beauty Cosmetic Makeup For Women And Girls\1.PNG
face,10,SHEGLAM 3D Pro Face Palette-Dune Brand Beauty Cosmetic Makeup For Women And Girls,2.PNG,face\10\SHEGLAM 3D Pro Face Palette-Dune Brand Beauty Cosmetic Makeup For Women And Girls\2.PNG
face,10,SHEGLAM 3D Pro Face Palette-Dune Brand Beauty Cosmetic Makeup For Women And Girls,3.PNG,face\10\SHEGLAM 3D Pro Face Palette-Dune Brand Beauty Cosmetic Makeup For Women And Girls\3.PNG
face,15,Harley Quinn X SHEGLAM Harley Quinn X Mischief Mallet Blush Stick-Bang Bang 0 Brand Beauty Cosmetic Makeup For Women And Girls,1.PNG,face\15\Harley Quinn X SHEGLAM Harley Quinn X Mischief Mallet Blush Stick-Bang Bang 0 Brand Beauty Cosmetic Makeup For Women And Girls\1.PNG
face,15,Harley Quinn X SHEGLAM Harley Quinn X Mischief Mallet Blush Stick-Bang Bang 0 Brand Beauty Cosmetic Makeup For Women And Girls,2.PNG,face\15\Harley Quinn X SHEGLAM Harley Quinn X Mischief Mallet Blush Stick-Bang Bang 0 Brand Beauty Cosmetic Makeup For Women And Girls\2.PNG
face,15,Harley Quinn X SHEGLAM Harley Quinn X Mischief Mallet Blush Stick-Bang Bang 0 Brand Beauty Cosmetic Makeup For Women And Girls,3.PNG,face\15\Harley Quinn X SHEGLAM Harley Quinn X Mischief Mallet Blush Stick-Bang Bang 0 Brand Beauty Cosmetic Makeup For Women And Girls\3.PNG
face,16,SHEGLAM Glass Glow Blush Stick-Brisk Babe 0 Brand Beauty Cosmetic Makeup For Women And Girls,1.jpeg,face\16\SHEGLAM Glass Glow Blush Stick-Brisk Babe 0 Brand Beauty Cosmetic Makeup For Women And Girls\1.jpeg
face,16,SHEGLAM Glass Glow Blush Stick-Brisk Babe 0 Brand Beauty Cosmetic Makeup For Women And Girls,2.PNG,face\16\SHEGLAM Glass Glow Blush Stick-Brisk Babe 0 Brand Beauty Cosmetic Makeup For Women And Girls\2.PNG
face,16,SHEGLAM Glass Glow Blush Stick-Brisk Babe 0 Brand Beauty Cosmetic Makeup For Women And Girls,3.PNG,face\16\SHEGLAM Glass Glow Blush Stick-Brisk Babe 0 Brand Beauty Cosmetic Makeup For Women And Girls\3.PNG
face,16,SHEGLAM Glass Glow Blush Stick-Cherry Express 0 Brand Beauty Cosmetic Makeup For Women And Girls,1.jpeg,face\16\SHEGLAM Glass Glow Blush Stick-Cherry Express 0 Brand Beauty Cosmetic Makeup For Women And Girls\1.jpeg
face,16,SHEGLAM Glass Glow Blush Stick-Cherry Express 0 Brand Beauty Cosmetic Makeup For Women And Girls,2.PNG,face\16\SHEGLAM Glass Glow Blush Stick-Cherry Express 0 Brand Beauty Cosmetic Makeup For Women And Girls\2.PNG
face,16,SHEGLAM Glass Glow Blush Stick-Cherry Express 0 Brand Beauty Cosmetic Makeup For Women And Girls,3.PNG,face\16\SHEGLAM Glass Glow Blush Stick-Cherry Express 0 Brand Beauty Cosmetic Makeup For Women And Girls\3.PNG
face,17,"MAANGE 7pcs Dual-Ended Multi-Function Makeup Brush Set, Including Face Brush, Powder Brush, Blush Brush, Concealer Brush, Contour Brush, Nose Shadow Brush, Eyeshadow Brush, Detail Brush, Foundation Brush",1.jpeg,"face\17\MAANGE 7pcs Dual-Ended Multi-Function Makeup Brush Set, Including Face Brush, Powder Brush, Blush Brush, Concealer Brush, Contour Brush, Nose Shadow Brush, Eyeshadow Brush, Detail Brush, Foundation Brush\1.jpeg"
face,17,"MAANGE 7pcs Dual-Ended Multi-Function Makeup Brush Set, Including Face Brush, Powder Brush, Blush Brush, Concealer Brush, Contour Brush, Nose Shadow Brush, Eyeshadow Brush, Detail Brush, Foundation Brush",2.PNG,"face\17\MAANGE 7pcs Dual-Ended Multi-Function Makeup Brush Set, Including Face Brush, Powder Brush, Blush Brush, Concealer Brush, Contour Brush, Nose Shadow Brush, Eyeshadow Brush, Detail Brush, Foundation Brush\2.PNG"
face,18,SHEGLAM Cutie Paw Blush Stamp-001 Love Cake Long-Lasting Lightweight Powder Blusher Stick Brand Beauty Cosmetic Makeup For Women And Girls,1.PNG,face\18\SHEGLAM Cutie Paw Blush Stamp-001 Love Cake Long-Lasting Lightweight Powder Blusher Stick Brand Beauty Cosmetic Makeup For Women And Girls\1.PNG
face,18,SHEGLAM Cutie Paw Blush Stamp-001 Love Cake Long-Lasting Lightweight Powder Blusher Stick Brand Beauty Cosmetic Makeup For Women And Girls,2.PNG,face\18\SHEGLAM Cutie Paw Blush Stamp-001 Love Cake Long-Lasting Lightweight Powder Blusher Stick Brand Beauty Cosmetic Makeup For Women And Girls\2.PNG
face,18,SHEGLAM Cutie Paw Blush Stamp-001 Love Cake Long-Lasting Lightweight Powder Blusher Stick Brand Beauty Cosmetic Makeup For Women And Girls,3.PNG,face\18\SHEGLAM Cutie Paw Blush Stamp-001 Love Cake Long-Lasting Lightweight Powder Blusher Stick Brand Beauty Cosmetic Makeup For Women And Girls\3.PNG
face,18,SHEGLAM Cutie Paw Blush Stamp-009 Painted Peony Long-Lasting Lightweight Powder Blusher Stick Brand Beauty Cosmetic Makeup For Women And Girls,1.PNG,face\18\SHEGLAM Cutie Paw Blush Stamp-009 Painted Peony Long-Lasting Lightweight Powder Blusher Stick Brand Beauty Cosmetic Makeup For Women And Girls\1.PNG
face,18,SHEGLAM Cutie Paw Blush Stamp-009 Painted Peony Long-Lasting Lightweight Powder Blusher Stick Brand Beauty Cosmetic Makeup For Women And Girls,2.PNG,face\18\SHEGLAM Cutie Paw Blush Stamp-009 Painted Peony Long-Lasting Lightweight Powder Blusher Stick Brand Beauty Cosmetic Makeup For Women And Girls\2.PNG
face,18,SHEGLAM Cutie Paw Blush Stamp-009 Painted Peony Long-Lasting Lightweight Powder Blusher Stick Brand Beauty Cosmetic Makeup For Women And Girls,3.PNG,face\18\SHEGLAM Cutie Paw Blush Stamp-009 Painted Peony Long-Lasting Lightweight Powder Blusher Stick Brand Beauty Cosmetic Makeup For Women And Girls\3.PNG
face,18,SHEGLAM Cutie Paw Blush Stamp-030 Berry Flirt Long-Lasting Lightweight Powder Blusher Stick Brand Beauty Cosmetic Makeup For Women And Girls,1.PNG,face\18\SHEGLAM Cutie Paw Blush Stamp-030 Berry Flirt Long-Lasting Lightweight Powder Blusher Stick Brand Beauty Cosmetic Makeup For Women And Girls\1.PNG
face,18,SHEGLAM Cutie Paw Blush Stamp-030 Berry Flirt Long-Lasting Lightweight Powder Blusher Stick Brand Beauty Cosmetic Makeup For Women And Girls,2.PNG,face\18\SHEGLAM Cutie Paw Blush Stamp-030 Berry Flirt Long-Lasting Lightweight Powder Blusher Stick Brand Beauty Cosmetic Makeup For Women And Girls\2.PNG
face,18,SHEGLAM Cutie Paw Blush Stamp-030 Berry Flirt Long-Lasting Lightweight Powder Blusher Stick Brand Beauty Cosmetic Makeup For Women And Girls,3.PNG,face\18\SHEGLAM Cutie Paw Blush Stamp-030 Berry Flirt Long-Lasting Lightweight Powder Blusher Stick Brand Beauty Cosmetic Makeup For Women And Girls\3.PNG
face,18,SHEGLAM Cutie Paw Blush Stamp-404 Burnin' Up Long-Lasting Lightweight Powder Blusher Stick Brand Beauty Cosmetic Makeup For Women And Girls,1.PNG,face\18\SHEGLAM Cutie Paw Blush Stamp-404 Burnin' Up Long-Lasting Lightweight Powder Blusher Stick Brand Beauty Cosmetic Makeup For Women And Girls\1.PNG
face,18,SHEGLAM Cutie Paw Blush Stamp-404 Burnin' Up Long-Lasting Lightweight Powder Blusher Stick Brand Beauty Cosmetic Makeup For Women And Girls,2.PNG,face\18\SHEGLAM Cutie Paw Blush Stamp-404 Burnin' Up Long-Lasting Lightweight Powder Blusher Stick Brand Beauty Cosmetic Makeup For Women And Girls\2.PNG
face,18,SHEGLAM Cutie Paw Blush Stamp-404 Burnin' Up Long-Lasting Lightweight Powder Blusher Stick Brand Beauty Cosmetic Makeup For Women And Girls,3.PNG,face\18\SHEGLAM Cutie Paw Blush Stamp-404 Burnin' Up Long-Lasting Lightweight Powder Blusher Stick Brand Beauty Cosmetic Makeup For Women And Girls\3.PNG
face,20,SHEGLAM Nourishing Neroli Face Cleansing Balm 35G Brand Beauty Cosmetic Makeup For Women And Girls,1.PNG,face\20\SHEGLAM Nourishing Neroli Face Cleansing Balm 35G Brand Beauty Cosmetic Makeup For Women And Girls\1.PNG
face,20,SHEGLAM Nourishing Neroli Face Cleansing Balm 35G Brand Beauty Cosmetic Makeup For Women And Girls,2.PNG,face\20\SHEGLAM Nourishing Neroli Face Cleansing Balm 35G Brand Beauty Cosmetic Makeup For Women And Girls\2.PNG
face,23,SHEGLAM Precision Sculpt Liquid Contour Duo-Brown Sugar Brand Beauty Cosmetic Makeup For Women And Girls,1.PNG,face\23\SHEGLAM Precision Sculpt Liquid Contour Duo-Brown Sugar Brand Beauty Cosmetic Makeup For Women And Girls\1.PNG
face,23,SHEGLAM Precision Sculpt Liquid Contour Duo-Brown Sugar Brand Beauty Cosmetic Makeup For Women And Girls,2.PNG,face\23\SHEGLAM Precision Sculpt Liquid Contour Duo-Brown Sugar Brand Beauty Cosmetic Makeup For Women And Girls\2.PNG
face,23,SHEGLAM Precision Sculpt Liquid Contour Duo-Brown Sugar Brand Beauty Cosmetic Makeup For Women And Girls,3.PNG,face\23\SHEGLAM Precision Sculpt Liquid Contour Duo-Brown Sugar Brand Beauty Cosmetic Makeup For Women And Girls\3.PNG
face,23,SHEGLAM Precision Sculpt Liquid Contour Duo-Warm Honey Brand Beauty Cosmetic Makeup For Women And Girls,1.PNG,face\23\SHEGLAM Precision Sculpt Liquid Contour Duo-Warm Honey Brand Beauty Cosmetic Makeup For Women And Girls\1.PNG
face,23,SHEGLAM Precision Sculpt Liquid Contour Duo-Warm Honey Brand Beauty Cosmetic Makeup For Women And Girls,2.PNG,face\23\SHEGLAM Precision Sculpt Liquid Contour Duo-Warm Honey Brand Beauty Cosmetic Makeup For Women And Girls\2.PNG
face,23,SHEGLAM Precision Sculpt Liquid Contour Duo-Warm Honey Brand Beauty Cosmetic Makeup For Women And Girls,3.PNG,face\23\SHEGLAM Precision Sculpt Liquid Contour Duo-Warm Honey Brand Beauty Cosmetic Makeup For Women And Girls\3.PNG
face,24,SHEGLAM Buttery Bling Highlight Stick-Rose Rush Brand Beauty Cosmetic Makeup For Women And Girls,1.PNG,face\24\SHEGLAM Buttery Bling Highlight Stick-Rose Rush Brand Beauty Cosmetic Makeup For Women And Girls\1.PNG
face,24,SHEGLAM Buttery Bling Highlight Stick-Rose Rush Brand Beauty Cosmetic Makeup For Women And Girls,2.PNG,face\24\SHEGLAM Buttery Bling Highlight Stick-Rose Rush Brand Beauty Cosmetic Makeup For Women And Girls\2.PNG
face,24,SHEGLAM Buttery Bling Highlight Stick-Rose Rush Brand Beauty Cosmetic Makeup For Women And Girls,3.PNG,face\24\SHEGLAM Buttery Bling Highlight Stick-Rose Rush Brand Beauty Cosmetic Makeup For Women And Girls\3.PNG
face,24,SHEGLAM Buttery Bliss Blush Stick-Chestnut Flush 0 Brand Beauty Cosmetic Makeup For Women And Girls,1.PNG,face\24\SHEGLAM Buttery Bliss Blush Stick-Chestnut Flush 0 Brand Beauty Cosmetic Makeup For Women And Girls\1.PNG
face,24,SHEGLAM Buttery Bliss Blush Stick-Chestnut Flush 0 Brand Beauty Cosmetic Makeup For Women And Girls,2.PNG,face\24\SHEGLAM Buttery Bliss Blush Stick-Chestnut Flush 0 Brand Beauty Cosmetic Makeup For Women And Girls\2.PNG
face,24,SHEGLAM Buttery Bliss Blush Stick-Chestnut Flush 0 Brand Beauty Cosmetic Makeup For Women And Girls,3.PNG,face\24\SHEGLAM Buttery Bliss Blush Stick-Chestnut Flush 0 Brand Beauty Cosmetic Makeup For Women And Girls\3.PNG
face,24,SHEGLAM Buttery Bliss Blush Stick-Hush Hush 0 Brand Beauty Cosmetic Makeup For Women And Girls,1.PNG,face\24\SHEGLAM Buttery Bliss Blush Stick-Hush Hush 0 Brand Beauty Cosmetic Makeup For Women And Girls\1.PNG
face,24,SHEGLAM Buttery Bliss Blush Stick-Hush Hush 0 Brand Beauty Cosmetic Makeup For Women And Girls,2.PNG,face\24\SHEGLAM Buttery Bliss Blush Stick-Hush Hush 0 Brand Beauty Cosmetic Makeup For Women And Girls\2.PNG
face,24,SHEGLAM Buttery Bliss Blush Stick-Hush Hush 0 Brand Beauty Cosmetic Makeup For Women And Girls,3.PNG,face\24\SHEGLAM Buttery Bliss Blush Stick-Hush Hush 0 Brand Beauty Cosmetic Makeup For Women And Girls\3.PNG
face,24,SHEGLAM Buttery Bliss Blush Stick-Love Cake 0 Brand Beauty Cosmetic Makeup For Women And Girls,1.PNG,face\24\SHEGLAM Buttery Bliss Blush Stick-Love Cake 0 Brand Beauty Cosmetic Makeup For Women And Girls\1.PNG
face,24,SHEGLAM Buttery Bliss Blush Stick-Love Cake 0 Brand Beauty Cosmetic Makeup For Women And Girls,2.PNG,face\24\SHEGLAM Buttery Bliss Blush Stick-Love Cake 0 Brand Beauty Cosmetic Makeup For Women And Girls\2.PNG
face,24,SHEGLAM Buttery Bliss Blush Stick-Love Cake 0 Brand Beauty Cosmetic Makeup For Women And Girls,3.PNG,face\24\SHEGLAM Buttery Bliss Blush Stick-Love Cake 0 Brand Beauty Cosmetic Makeup For Women And Girls\3.PNG
face,24,SHEGLAM Buttery Bliss Blush Stick-Painted Peony 0 Brand Beauty Cosmetic Makeup For Women And Girls,1.PNG,face\24\SHEGLAM Buttery Bliss Blush Stick-Painted Peony 0 Brand Beauty Cosmetic Makeup For Women And Girls\1.PNG
face,24,SHEGLAM Buttery Bliss Blush Stick-Painted Peony 0 Brand Beauty Cosmetic Makeup For Women And Girls,2.PNG,face\24\SHEGLAM Buttery Bliss Blush Stick-Painted Peony 0 Brand Beauty Cosmetic Makeup For Women And Girls\2.PNG
face,24,SHEGLAM Buttery Bliss Blush Stick-Painted Peony 0 Brand Beauty Cosmetic Makeup For Women And Girls,3.PNG,face\24\SHEGLAM Buttery Bliss Blush Stick-Painted Peony 0 Brand Beauty Cosmetic Makeup For Women And Girls\3.PNG
face,24,SHEGLAM Buttery Bliss Blush Stick-Rose Ritual 0 Brand Beauty Cosmetic Makeup For Women And Girls,1.PNG,face\24\SHEGLAM Buttery Bliss Blush Stick-Rose Ritual 0 Brand Beauty Cosmetic Makeup For Women And Girls\1.PNG
face,24,SHEGLAM Buttery Bliss Blush Stick-Rose Ritual 0 Brand Beauty Cosmetic Makeup For Women And Girls,2.PNG,face\24\SHEGLAM Buttery Bliss Blush Stick-Rose Ritual 0 Brand Beauty Cosmetic Makeup For Women And Girls\2.PNG
face,24,SHEGLAM Buttery Bliss Blush Stick-Rose Ritual 0 Brand Beauty Cosmetic Makeup For Women And Girls,3.PNG,face\24\SHEGLAM Buttery Bliss Blush Stick-Rose Ritual 0 Brand Beauty Cosmetic Makeup For Women And Girls\3.PNG
face,34,SHEGLAM Dew & Done Skin Tint With Spf20-Fair Brand Beauty Cosmetic Makeup For Women And Girls,1.PNG,face\34\SHEGLAM Dew & Done Skin Tint With Spf20-Fair Brand Beauty Cosmetic Makeup For Women And Girls\1.PNG
face,34,SHEGLAM Dew & Done Skin Tint With Spf20-Fair Brand Beauty Cosmetic Makeup For Women And Girls,2.PNG,face\34\SHEGLAM Dew & Done Skin Tint With Spf20-Fair Brand Beauty Cosmetic Makeup For Women And Girls\2.PNG
face,34,SHEGLAM Dew & Done Skin Tint With Spf20-Fair Brand Beauty Cosmetic Makeup For Women And Girls,3.PNG,face\34\SHEGLAM Dew & Done Skin Tint With Spf20-Fair Brand Beauty Cosmetic Makeup For Women And Girls\3.PNG
face,36,SHEGLAM Jelly-Licious Hydrating Lip & Blush Tint-Ahoy 0 Brand Beauty Cosmetic Makeup For Women And Girls,1.PNG,face\36\SHEGLAM Jelly-Licious Hydrating Lip & Blush Tint-Ahoy 0 Brand Beauty Cosmetic Makeup For Women And Girls\1.PNG
face,36,SHEGLAM Jelly-Licious Hydrating Lip & Blush Tint-Ahoy 0 Brand Beauty Cosmetic Makeup For Women And Girls,2.PNG,face\36\SHEGLAM Jelly-Licious Hydrating Lip & Blush Tint-Ahoy 0 Brand Beauty Cosmetic Makeup For Women And Girls\2.PNG
face,36,SHEGLAM Jelly-Licious Hydrating Lip & Blush Tint-Ahoy 0 Brand Beauty Cosmetic Makeup For Women And Girls,3.PNG,face\36\SHEGLAM Jelly-Licious Hydrating Lip & Blush Tint-Ahoy 0 Brand Beauty Cosmetic Makeup For Women And Girls\3.PNG
face,36,SHEGLAM Jelly-Licious Hydrating Lip & Blush Tint-Cheerio 0 Brand Beauty Cosmetic Makeup For Women And Girls,1.PNG,face\36\SHEGLAM Jelly-Licious Hydrating Lip & Blush Tint-Cheerio 0 Brand Beauty Cosmetic Makeup For Women And Girls\1.PNG
face,36,SHEGLAM Jelly-Licious Hydrating Lip & Blush Tint-Cheerio 0 Brand Beauty Cosmetic Makeup For Women And Girls,2.PNG,face\36\SHEGLAM Jelly-Licious Hydrating Lip & Blush Tint-Cheerio 0 Brand Beauty Cosmetic Makeup For Women And Girls\2.PNG
face,36,SHEGLAM Jelly-Licious Hydrating Lip & Blush Tint-Cheerio 0 Brand Beauty Cosmetic Makeup For Women And Girls,3.PNG,face\36\SHEGLAM Jelly-Licious Hydrating Lip & Blush Tint-Cheerio 0 Brand Beauty Cosmetic Makeup For Women And Girls\3.PNG
face,36,SHEGLAM Jelly-Licious Hydrating Lip & Blush Tint-Howdy 0 Brand Beauty Cosmetic Makeup For Women And Girls,1.PNG,face\36\SHEGLAM Jelly-Licious Hydrating Lip & Blush Tint-Howdy 0 Brand Beauty Cosmetic Makeup For Women And Girls\1.PNG
face,36,SHEGLAM Jelly-Licious Hydrating Lip & Blush Tint-Howdy 0 Brand Beauty Cosmetic Makeup For Women And Girls,2.PNG,face\36\SHEGLAM Jelly-Licious Hydrating Lip & Blush Tint-Howdy 0 Brand Beauty Cosmetic Makeup For Women And Girls\2.PNG
face,36,SHEGLAM Jelly-Licious Hydrating Lip & Blush Tint-Howdy 0 Brand Beauty Cosmetic Makeup For Women And Girls,3.PNG,face\36\SHEGLAM Jelly-Licious Hydrating Lip & Blush Tint-Howdy 0 Brand Beauty Cosmetic Makeup For Women And Girls\3.PNG
face,43,SHEGLAM Playing Cupid Cream Blush-Emotion 0 Brand Beauty Cosmetic Makeup For Women And Girls,1.jpeg,face\43\SHEGLAM Playing Cupid Cream Blush-Emotion 0 Brand Beauty Cosmetic Makeup For Women And Girls\1.jpeg
face,43,SHEGLAM Playing Cupid Cream Blush-Emotion 0 Brand Beauty Cosmetic Makeup For Women And Girls,2.jpeg,face\43\SHEGLAM Playing Cupid Cream Blush-Emotion 0 Brand Beauty Cosmetic Makeup For Women And Girls\2.jpeg
face,43,SHEGLAM Playing Cupid Cream Blush-Emotion 0 Brand Beauty Cosmetic Makeup For Women And Girls,3.jpeg,face\43\SHEGLAM Playing Cupid Cream Blush-Emotion 0 Brand Beauty Cosmetic Makeup For Women And Girls\3.jpeg
face,43,SHEGLAM Playing Cupid Cream Blush-Emotion 0 Brand Beauty Cosmetic Makeup For Women And Girls,4.jpeg,face\43\SHEGLAM Playing Cupid Cream Blush-Emotion 0 Brand Beauty Cosmetic Makeup For Women And Girls\4.jpeg
face,44,SHEGLAM Glowchi Bouncy Highlighter-Cherry Blossom Brand Beauty Cosmetic Makeup For Women And Girls,1.jpeg,face\44\SHEGLAM Glowchi Bouncy Highlighter-Cherry Blossom Brand Beauty Cosmetic Makeup For Women And Girls\1.jpeg
face,44,SHEGLAM Glowchi Bouncy Highlighter-Cherry Blossom Brand Beauty Cosmetic Makeup For Women And Girls,2.PNG,face\44\SHEGLAM Glowchi Bouncy Highlighter-Cherry Blossom Brand Beauty Cosmetic Makeup For Women And Girls\2.PNG
face,44,SHEGLAM Glowchi Bouncy Highlighter-Cherry Blossom Brand Beauty Cosmetic Makeup For Women And Girls,3.PNG,face\44\SHEGLAM Glowchi Bouncy Highlighter-Cherry Blossom Brand Beauty Cosmetic Makeup For Women And Girls\3.PNG
face,44,SHEGLAM Glowchi Bouncy Highlighter-Powdered Sugar Brand Beauty Cosmetic Makeup For Women And Girls,1.jpeg,face\44\SHEGLAM Glowchi Bouncy Highlighter-Powdered Sugar Brand Beauty Cosmetic Makeup For Women And Girls\1.jpeg
face,44,SHEGLAM Glowchi Bouncy Highlighter-Powdered Sugar Brand Beauty Cosmetic Makeup For Women And Girls,2.PNG,face\44\SHEGLAM Glowchi Bouncy Highlighter-Powdered Sugar Brand Beauty Cosmetic Makeup For Women And Girls\2.PNG
face,44,SHEGLAM Glowchi Bouncy Highlighter-Powdered Sugar Brand Beauty Cosmetic Makeup For Women And Girls,3.PNG,face\44\SHEGLAM Glowchi Bouncy Highlighter-Powdered Sugar Brand Beauty Cosmetic Makeup For Women And Girls\3.PNG
face,45,SHEGLAM Party Starter Body Highlighter Glitter Gel-Social Butterfly Brand Beauty Cosmetic Makeup For Women And Girls,1.PNG,face\45\SHEGLAM Party Starter Body Highlighter Glitter Gel-Social Butterfly Brand Beauty Cosmetic Makeup For Women And Girls\1.PNG
face,45,SHEGLAM Party Starter Body Highlighter Glitter Gel-Social Butterfly Brand Beauty Cosmetic Makeup For Women And Girls,2.PNG,face\45\SHEGLAM Party Starter Body Highlighter Glitter Gel-Social Butterfly Brand Beauty Cosmetic Makeup For Women And Girls\2.PNG
face,45,SHEGLAM Party Starter Body Highlighter Glitter Gel-Social Butterfly Brand Beauty Cosmetic Makeup For Women And Girls,3.PNG,face\45\SHEGLAM Party Starter Body Highlighter Glitter Gel-Social Butterfly Brand Beauty Cosmetic Makeup For Women And Girls\3.PNG
face,51,SHEGLAM Lunar Orbit Blush Ball-Astrid 0 Brand Beauty Cosmetic Makeup For Women And Girls,1.PNG,face\51\SHEGLAM Lunar Orbit Blush Ball-Astrid 0 Brand Beauty Cosmetic Makeup For Women And Girls\1.PNG
face,51,SHEGLAM Lunar Orbit Blush Ball-Astrid 0 Brand Beauty Cosmetic Makeup For Women And Girls,2.PNG,face\51\SHEGLAM Lunar Orbit Blush Ball-Astrid 0 Brand Beauty Cosmetic Makeup For Women And Girls\2.PNG
face,51,SHEGLAM Lunar Orbit Blush Ball-Astrid 0 Brand Beauty Cosmetic Makeup For Women And Girls,3.PNG,face\51\SHEGLAM Lunar Orbit Blush Ball-Astrid 0 Brand Beauty Cosmetic Makeup For Women And Girls\3.PNG
face,59,SHEGLAM Color Bloom Liquid Blush-Birthday Suit Brand Beauty Cosmetic Makeup For Women And Girls,1.jpeg,face\59\SHEGLAM Color Bloom Liquid Blush-Birthday Suit Brand Beauty Cosmetic Makeup For Women And Girls\1.jpeg
face,59,SHEGLAM Color Bloom Liquid Blush-Birthday Suit Brand Beauty Cosmetic Makeup For Women And Girls,2.PNG,face\59\SHEGLAM Color Bloom Liquid Blush-Birthday Suit Brand Beauty Cosmetic Makeup For Women And Girls\2.PNG
face,59,SHEGLAM Color Bloom Liquid Blush-Birthday Suit Brand Beauty Cosmetic Makeup For Women And Girls,3.PNG,face\59\SHEGLAM Color Bloom Liquid Blush-Birthday Suit Brand Beauty Cosmetic Makeup For Women And Girls\3.PNG
face,59,SHEGLAM Color Bloom Liquid Blush-Love Cake Brand Beauty Cosmetic Makeup For Women And Girls,1.jpeg,face\59\SHEGLAM Color Bloom Liquid Blush-Love Cake Brand Beauty Cosmetic Makeup For Women And Girls\1.jpeg
face,59,SHEGLAM Color Bloom Liquid Blush-Love Cake Brand Beauty Cosmetic Makeup For Women And Girls,2.PNG,face\59\SHEGLAM Color Bloom Liquid Blush-Love Cake Brand Beauty Cosmetic Makeup For Women And Girls\2.PNG
face,59,SHEGLAM Color Bloom Liquid Blush-Love Cake Brand Beauty Cosmetic Makeup For Women And Girls,3.PNG,face\59\SHEGLAM Color Bloom Liquid Blush-Love Cake Brand Beauty Cosmetic Makeup For Women And Girls\3.PNG
face,59,SHEGLAM Color Bloom Liquid Blush-Real Deal 0 Brand Beauty Cosmetic Makeup For Women And Girls,1.PNG,face\59\SHEGLAM Color Bloom Liquid Blush-Real Deal 0 Brand Beauty Cosmetic Makeup For Women And Girls\1.PNG
face,59,SHEGLAM Color Bloom Liquid Blush-Real Deal 0 Brand Beauty Cosmetic Makeup For Women And Girls,2.PNG,face\59\SHEGLAM Color Bloom Liquid Blush-Real Deal 0 Brand Beauty Cosmetic Makeup For Women And Girls\2.PNG
face,59,SHEGLAM Color Bloom Liquid Blush-Real Deal 0 Brand Beauty Cosmetic Makeup For Women And Girls,3.PNG,face\59\SHEGLAM Color Bloom Liquid Blush-Real Deal 0 Brand Beauty Cosmetic Makeup For Women And Girls\3.PNG
face,59,SHEGLAM Color Bloom Liquid Blush-Risky Business Brand Beauty Cosmetic Makeup For Women And Girls,1.jpeg,face\59\SHEGLAM Color Bloom Liquid Blush-Risky Business Brand Beauty Cosmetic Makeup For Women And Girls\1.jpeg
face,59,SHEGLAM Color Bloom Liquid Blush-Risky Business Brand Beauty Cosmetic Makeup For Women And Girls,1.PNG,face\59\SHEGLAM Color Bloom Liquid Blush-Risky Business Brand Beauty Cosmetic Makeup For Women And Girls\1.PNG
face,59,SHEGLAM Color Bloom Liquid Blush-Risky Business Brand Beauty Cosmetic Makeup For Women And Girls,3.PNG,face\59\SHEGLAM Color Bloom Liquid Blush-Risky Business Brand Beauty Cosmetic Makeup For Women And Girls\3.PNG
face,67,The Matrix Resurrections  SHEGLAM Going Digital Two-Tone Blush Brand Beauty Cosmetic Makeup For Women And Girls,1.PNG,face\67\The Matrix Resurrections  SHEGLAM Going Digital Two-Tone Blush Brand Beauty Cosmetic Makeup For Women And Girls\1.PNG
face,67,The Matrix Resurrections  SHEGLAM Going Digital Two-Tone Blush Brand Beauty Cosmetic Makeup For Women And Girls,2.PNG,face\67\The Matrix Resurrections  SHEGLAM Going Digital Two-Tone Blush Brand Beauty Cosmetic Makeup For Women And Girls\2.PNG
face,67,The Matrix Resurrections  SHEGLAM Going Digital Two-Tone Blush Brand Beauty Cosmetic Makeup For Women And Girls,3.PNG,face\67\The Matrix Resurrections  SHEGLAM Going Digital Two-Tone Blush Brand Beauty Cosmetic Makeup For Women And Girls\3.PNG
face,68,SHEGLAM Camera On Smooth & Blur Primer Brand Beauty Cosmetic Makeup For Women And Girls,1.jpeg,face\68\SHEGLAM Camera On Smooth & Blur Primer Brand Beauty Cosmetic Makeup For Women And Girls\1.jpeg
face,68,SHEGLAM Camera On Smooth & Blur Primer Brand Beauty Cosmetic Makeup For Women And Girls,2.PNG,face\68\SHEGLAM Camera On Smooth & Blur Primer Brand Beauty Cosmetic Makeup For Women And Girls\2.PNG
face,70,SHEGLAM Floral Flush Blush Palette-Blushing Bouquet Brand Beauty Cosmetic Makeup For Women And Girls,1.PNG,face\70\SHEGLAM Floral Flush Blush Palette-Blushing Bouquet Brand Beauty Cosmetic Makeup For Women And Girls\1.PNG
face,70,SHEGLAM Floral Flush Blush Palette-Blushing Bouquet Brand Beauty Cosmetic Makeup For Women And Girls,2.PNG,face\70\SHEGLAM Floral Flush Blush Palette-Blushing Bouquet Brand Beauty Cosmetic Makeup For Women And Girls\2.PNG
face,70,SHEGLAM Floral Flush Blush Palette-Cottage Core Garden Brand Beauty Cosmetic Makeup For Women And Girls,1.PNG,face\70\SHEGLAM Floral Flush Blush Palette-Cottage Core Garden Brand Beauty Cosmetic Makeup For Women And Girls\1.PNG
face,70,SHEGLAM Floral Flush Blush Palette-Cottage Core Garden Brand Beauty Cosmetic Makeup For Women And Girls,2.PNG,face\70\SHEGLAM Floral Flush Blush Palette-Cottage Core Garden Brand Beauty Cosmetic Makeup For Women And Girls\2.PNG
face,70,SHEGLAM Floral Flush Blush Palette-Cottage Core Garden Brand Beauty Cosmetic Makeup For Women And Girls,3.PNG,face\70\SHEGLAM Floral Flush Blush Palette-Cottage Core Garden Brand Beauty Cosmetic Makeup For Women And Girls\3.PNG
face,73,SHEGLAM Glam 101 Hybrid Highlighter & Blush Duo-01Vienna Brand Beauty Cosmetic Makeup For Women And Girls,1.PNG,face\73\SHEGLAM Glam 101 Hybrid Highlighter & Blush Duo-01Vienna Brand Beauty Cosmetic Makeup For Women And Girls\1.PNG
face,73,SHEGLAM Glam 101 Hybrid Highlighter & Blush Duo-01Vienna Brand Beauty Cosmetic Makeup For Women And Girls,2.PNG,face\73\SHEGLAM Glam 101 Hybrid Highlighter & Blush Duo-01Vienna Brand Beauty Cosmetic Makeup For Women And Girls\2.PNG
face,73,SHEGLAM Glam 101 Hybrid Highlighter & Blush Duo-01Vienna Brand Beauty Cosmetic Makeup For Women And Girls,3.PNG,face\73\SHEGLAM Glam 101 Hybrid Highlighter & Blush Duo-01Vienna Brand Beauty Cosmetic Makeup For Women And Girls\3.PNG
face,73,SHEGLAM Glam 101 Hybrid Highlighter & Blush Duo-02St. Tropez Brand Beauty Cosmetic Makeup For Women And Girls,1.PNG,face\73\SHEGLAM Glam 101 Hybrid Highlighter & Blush Duo-02St. Tropez Brand Beauty Cosmetic Makeup For Women And Girls\1.PNG
face,73,SHEGLAM Glam 101 Hybrid Highlighter & Blush Duo-02St. Tropez Brand Beauty Cosmetic Makeup For Women And Girls,2.PNG,face\73\SHEGLAM Glam 101 Hybrid Highlighter & Blush Duo-02St. Tropez Brand Beauty Cosmetic Makeup For Women And Girls\2.PNG
face,73,SHEGLAM Glam 101 Hybrid Highlighter & Blush Duo-02St. Tropez Brand Beauty Cosmetic Makeup For Women And Girls,3.PNG,face\73\SHEGLAM Glam 101 Hybrid Highlighter & Blush Duo-02St. Tropez Brand Beauty Cosmetic Makeup For Women And Girls\3.PNG
face,73,SHEGLAM Glam 101 Hybrid Highlighter & Blush Duo-03Seville Brand Beauty Cosmetic Makeup For Women And Girls,1.PNG,face\73\SHEGLAM Glam 101 Hybrid Highlighter & Blush Duo-03Seville Brand Beauty Cosmetic Makeup For Women And Girls\1.PNG
face,73,SHEGLAM Glam 101 Hybrid Highlighter & Blush Duo-03Seville Brand Beauty Cosmetic Makeup For Women And Girls,2.PNG,face\73\SHEGLAM Glam 101 Hybrid Highlighter & Blush Duo-03Seville Brand Beauty Cosmetic Makeup For Women And Girls\2.PNG
face,73,SHEGLAM Glam 101 Hybrid Highlighter & Blush Duo-03Seville Brand Beauty Cosmetic Makeup For Women And Girls,3.PNG,face\73\SHEGLAM Glam 101 Hybrid Highlighter & Blush Duo-03Seville Brand Beauty Cosmetic Makeup For Women And Girls\3.PNG
face,74,SHEGLAM Insta-Ready Face & Under Eye Setting Powder Duo-Bubblegum Brand Beauty Cosmetic Makeup For Women And Girls,1.jpeg,face\74\SHEGLAM Insta-Ready Face & Under Eye Setting Powder Duo-Bubblegum Brand Beauty Cosmetic Makeup For Women And Girls\1.jpeg
face,74,SHEGLAM Insta-Ready Face & Under Eye Setting Powder Duo-Bubblegum Brand Beauty Cosmetic Makeup For Women And Girls,2.PNG,face\74\SHEGLAM Insta-Ready Face & Under Eye Setting Powder Duo-Bubblegum Brand Beauty Cosmetic Makeup For Women And Girls\2.PNG
face,74,SHEGLAM Insta-Ready Face & Under Eye Setting Powder Duo-Bubblegum Brand Beauty Cosmetic Makeup For Women And Girls,3.PNG,face\74\SHEGLAM Insta-Ready Face & Under Eye Setting Powder Duo-Bubblegum Brand Beauty Cosmetic Makeup For Women And Girls\3.PNG
face,74,SHEGLAM Insta-Ready Face & Under Eye Setting Powder Duo-Taro Brand Beauty Cosmetic Makeup For Women And Girls,1.jpeg,face\74\SHEGLAM Insta-Ready Face & Under Eye Setting Powder Duo-Taro Brand Beauty Cosmetic Makeup For Women And Girls\1.jpeg
face,74,SHEGLAM Insta-Ready Face & Under Eye Setting Powder Duo-Taro Brand Beauty Cosmetic Makeup For Women And Girls,2.PNG,face\74\SHEGLAM Insta-Ready Face & Under Eye Setting Powder Duo-Taro Brand Beauty Cosmetic Makeup For Women And Girls\2.PNG
face,74,SHEGLAM Insta-Ready Face & Under Eye Setting Powder Duo-Taro Brand Beauty Cosmetic Makeup For Women And Girls,3.PNG,face\74\SHEGLAM Insta-Ready Face & Under Eye Setting Powder Duo-Taro Brand Beauty Cosmetic Makeup For Women And Girls\3.PNG
face,75,SHEGLAM Sweet Cheeks Blush Trio-Enamored Brand Beauty Cosmetic Makeup For Women And Girls,1.PNG,face\75\SHEGLAM Sweet Cheeks Blush Trio-Enamored Brand Beauty Cosmetic Makeup For Women And Girls\1.PNG
face,75,SHEGLAM Sweet Cheeks Blush Trio-Enamored Brand Beauty Cosmetic Makeup For Women And Girls,2.PNG,face\75\SHEGLAM Sweet Cheeks Blush Trio-Enamored Brand Beauty Cosmetic Makeup For Women And Girls\2.PNG
face,75,SHEGLAM Sweet Cheeks Blush Trio-Enamored Brand Beauty Cosmetic Makeup For Women And Girls,3.PNG,face\75\SHEGLAM Sweet Cheeks Blush Trio-Enamored Brand Beauty Cosmetic Makeup For Women And Girls\3.PNG
face,75,SHEGLAM Sweet Cheeks Blush Trio-Private Cabana Brand Beauty Cosmetic Makeup For Women And Girls,1.PNG,face\75\SHEGLAM Sweet Cheeks Blush Trio-Private Cabana Brand Beauty Cosmetic Makeup For Women And Girls\1.PNG
face,75,SHEGLAM Sweet Cheeks Blush Trio-Private Cabana Brand Beauty Cosmetic Makeup For Women And Girls,2.PNG,face\75\SHEGLAM Sweet Cheeks Blush Trio-Private Cabana Brand Beauty Cosmetic Makeup For Women And Girls\2.PNG
face,76,SHEGLAM Skin-Focus High Coverage Powder Foundation-Fair Brand Beauty Cosmetic Makeup For Women And Girls,1.PNG,face\76\SHEGLAM Skin-Focus High Coverage Powder Foundation-Fair Brand Beauty Cosmetic Makeup For Women And Girls\1.PNG
face,76,SHEGLAM Skin-Focus High Coverage Powder Foundation-Fair Brand Beauty Cosmetic Makeup For Women And Girls,2.PNG,face\76\SHEGLAM Skin-Focus High Coverage Powder Foundation-Fair Brand Beauty Cosmetic Makeup For Women And Girls\2.PNG
face,76,SHEGLAM Skin-Focus High Coverage Powder Foundation-Fair Brand Beauty Cosmetic Makeup For Women And Girls,3.PNG,face\76\SHEGLAM Skin-Focus High Coverage Powder Foundation-Fair Brand Beauty Cosmetic Makeup For Women And Girls\3.PNG
face,77,The Powerpuff Girls X SHEGLAM The Powerpuff Girls  Tough Love Shimmer Blush-Utonium 0 Brand Beauty Cosmetic Makeup For Women And Girls,1.PNG,face\77\The Powerpuff Girls X SHEGLAM The Powerpuff Girls  Tough Love Shimmer Blush-Utonium 0 Brand Beauty Cosmetic Makeup For Women And Girls\1.PNG
face,77,The Powerpuff Girls X SHEGLAM The Powerpuff Girls  Tough Love Shimmer Blush-Utonium 0 Brand Beauty Cosmetic Makeup For Women And Girls,2.PNG,face\77\The Powerpuff Girls X SHEGLAM The Powerpuff Girls  Tough Love Shimmer Blush-Utonium 0 Brand Beauty Cosmetic Makeup For Women And Girls\2.PNG
face,77,The Powerpuff Girls X SHEGLAM The Powerpuff Girls  Tough Love Shimmer Blush-Utonium 0 Brand Beauty Cosmetic Makeup For Women And Girls,3.PNG,face\77\The Powerpuff Girls X SHEGLAM The Powerpuff Girls  Tough Love Shimmer Blush-Utonium 0 Brand Beauty Cosmetic Makeup For Women And Girls\3.PNG
face,78,SHEGLAM Glacier Glo Smoothing Primer Brand Beauty Cosmetic Makeup For Women And Girls,1.PNG,face\78\SHEGLAM Glacier Glo Smoothing Primer Brand Beauty Cosmetic Makeup For Women And Girls\1.PNG
face,78,SHEGLAM Glacier Glo Smoothing Primer Brand Beauty Cosmetic Makeup For Women And Girls,2.PNG,face\78\SHEGLAM Glacier Glo Smoothing Primer Brand Beauty Cosmetic Makeup For Women And Girls\2.PNG
face,78,SHEGLAM Glacier Glo Smoothing Primer Brand Beauty Cosmetic Makeup For Women And Girls,3.PNG,face\78\SHEGLAM Glacier Glo Smoothing Primer Brand Beauty Cosmetic Makeup For Women And Girls\3.PNG
face,79,Care Bears X SHEGLAM Care Bears X Catch Some Fun Highlighting Puff Brand Beauty Cosmetic Makeup For Women And Girls,1.PNG,face\79\Care Bears X SHEGLAM Care Bears X Catch Some Fun Highlighting Puff Brand Beauty Cosmetic Makeup For Women And Girls\1.PNG
face,79,Care Bears X SHEGLAM Care Bears X Catch Some Fun Highlighting Puff Brand Beauty Cosmetic Makeup For Women And Girls,2.PNG,face\79\Care Bears X SHEGLAM Care Bears X Catch Some Fun Highlighting Puff Brand Beauty Cosmetic Makeup For Women And Girls\2.PNG
face,79,Care Bears X SHEGLAM Care Bears X Catch Some Fun Highlighting Puff Brand Beauty Cosmetic Makeup For Women And Girls,3.PNG,face\79\Care Bears X SHEGLAM Care Bears X Catch Some Fun Highlighting Puff Brand Beauty Cosmetic Makeup For Women And Girls\3.PNG
face,80,The Wizard of OZ™  SHEGLAM Heart Clock Dewy Blush 0 Brand Beauty Cosmetic Makeup For Women And Girls,1.PNG,face\80\The Wizard of OZ™  SHEGLAM Heart Clock Dewy Blush 0 Brand Beauty Cosmetic Makeup For Women And Girls\1.PNG
face,80,The Wizard of OZ™  SHEGLAM Heart Clock Dewy Blush 0 Brand Beauty Cosmetic Makeup For Women And Girls,2.PNG,face\80\The Wizard of OZ™  SHEGLAM Heart Clock Dewy Blush 0 Brand Beauty Cosmetic Makeup For Women And Girls\2.PNG
face,80,The Wizard of OZ™  SHEGLAM Heart Clock Dewy Blush 0 Brand Beauty Cosmetic Makeup For Women And Girls,3.PNG,face\80\The Wizard of OZ™  SHEGLAM Heart Clock Dewy Blush 0 Brand Beauty Cosmetic Makeup For Women And Girls\3.PNG
face,85,SHEGLAM Press Refresh Setting Spray Brand Beauty Cosmetic Makeup For Women And Girls,1.PNG,face\85\SHEGLAM Press Refresh Setting Spray Brand Beauty Cosmetic Makeup For Women And Girls\1.PNG
face,85,SHEGLAM Press Refresh Setting Spray Brand Beauty Cosmetic Makeup For Women And Girls,2.PNG,face\85\SHEGLAM Press Refresh Setting Spray Brand Beauty Cosmetic Makeup For Women And Girls\2.PNG
face,85,SHEGLAM Press Refresh Setting Spray Brand Beauty Cosmetic Makeup For Women And Girls,3.PNG,face\85\SHEGLAM Press Refresh Setting Spray Brand Beauty Cosmetic Makeup For Women And Girls\3.PNG
face,87,"6pcs Women's Eyebrow Razors, Women's Facial Care Razors, Women's Whole Body Hair Removal Razors, Multi-Purpose Facial Hair Remover Disposable Blades Eyebrow Grooming Tools, Hair Products And Accessories Fo",1.PNG,"face\87\6pcs Women's Eyebrow Razors, Women's Facial Care Razors, Women's Whole Body Hair Removal Razors, Multi-Purpose Facial Hair Remover Disposable Blades Eyebrow Grooming Tools, Hair Products And Accessories Fo\1.PNG"
face,87,"6pcs Women's Eyebrow Razors, Women's Facial Care Razors, Women's Whole Body Hair Removal Razors, Multi-Purpose Facial Hair Remover Disposable Blades Eyebrow Grooming Tools, Hair Products And Accessories Fo",2.PNG,"face\87\6pcs Women's Eyebrow Razors, Women's Facial Care Razors, Women's Whole Body Hair Removal Razors, Multi-Purpose Facial Hair Remover Disposable Blades Eyebrow Grooming Tools, Hair Products And Accessories Fo\2.PNG"
face,87,"6pcs Women's Eyebrow Razors, Women's Facial Care Razors, Women's Whole Body Hair Removal Razors, Multi-Purpose Facial Hair Remover Disposable Blades Eyebrow Grooming Tools, Hair Products And Accessories Fo",3.PNG,"face\87\6pcs Women's Eyebrow Razors, Women's Facial Care Razors, Women's Whole Body Hair Removal Razors, Multi-Purpose Facial Hair Remover Disposable Blades Eyebrow Grooming Tools, Hair Products And Accessories Fo\3.PNG"
face,90,SHEGLAM Lip Veil Cushion Lightweight Lipstick-Crimson Lip Combo Brand Beauty Cosmetic Makeup For Women And Girls,1.PNG,face\90\SHEGLAM Lip Veil Cushion Lightweight Lipstick-Crimson Lip Combo Brand Beauty Cosmetic Makeup For Women And Girls\1.PNG
face,90,SHEGLAM Lip Veil Cushion Lightweight Lipstick-Crimson Lip Combo Brand Beauty Cosmetic Makeup For Women And Girls,2.PNG,face\90\SHEGLAM Lip Veil Cushion Lightweight Lipstick-Crimson Lip Combo Brand Beauty Cosmetic Makeup For Women And Girls\2.PNG
face,90,SHEGLAM Lip Veil Cushion Lightweight Lipstick-Crimson Lip Combo Brand Beauty Cosmetic Makeup For Women And Girls,3.PNG,face\90\SHEGLAM Lip Veil Cushion Lightweight Lipstick-Crimson Lip Combo Brand Beauty Cosmetic Makeup For Women And Girls\3.PNG
face,90,SHEGLAM Lip Veil Cushion Lightweight Lipstick-Dream Date Lip Combo Brand Beauty Cosmetic Makeup For Women And Girls,1.PNG,face\90\SHEGLAM Lip Veil Cushion Lightweight Lipstick-Dream Date Lip Combo Brand Beauty Cosmetic Makeup For Women And Girls\1.PNG
face,90,SHEGLAM Lip Veil Cushion Lightweight Lipstick-Dream Date Lip Combo Brand Beauty Cosmetic Makeup For Women And Girls,2.PNG,face\90\SHEGLAM Lip Veil Cushion Lightweight Lipstick-Dream Date Lip Combo Brand Beauty Cosmetic Makeup For Women And Girls\2.PNG
face,90,SHEGLAM Lip Veil Cushion Lightweight Lipstick-Dream Date Lip Combo Brand Beauty Cosmetic Makeup For Women And Girls,3.PNG,face\90\SHEGLAM Lip Veil Cushion Lightweight Lipstick-Dream Date Lip Combo Brand Beauty Cosmetic Makeup For Women And Girls\3.PNG
face,90,SHEGLAM Lip Veil Cushion Lightweight Lipstick-Go Off Lip Combo Brand Beauty Cosmetic Makeup For Women And Girls,1.PNG,face\90\SHEGLAM Lip Veil Cushion Lightweight Lipstick-Go Off Lip Combo Brand Beauty Cosmetic Makeup For Women And Girls\1.PNG
face,90,SHEGLAM Lip Veil Cushion Lightweight Lipstick-Go Off Lip Combo Brand Beauty Cosmetic Makeup For Women And Girls,2.PNG,face\90\SHEGLAM Lip Veil Cushion Lightweight Lipstick-Go Off Lip Combo Brand Beauty Cosmetic Makeup For Women And Girls\2.PNG
face,90,SHEGLAM Lip Veil Cushion Lightweight Lipstick-Go Off Lip Combo Brand Beauty Cosmetic Makeup For Women And Girls,3.PNG,face\90\SHEGLAM Lip Veil Cushion Lightweight Lipstick-Go Off Lip Combo Brand Beauty Cosmetic Makeup For Women And Girls\3.PNG
face,92,SHEGLAM Camera On Blurring Waterproof Setting Spray Brand Beauty Cosmetic Makeup For Women And Girls,1.jpeg,face\92\SHEGLAM Camera On Blurring Waterproof Setting Spray Brand Beauty Cosmetic Makeup For Women And Girls\1.jpeg
face,92,SHEGLAM Camera On Blurring Waterproof Setting Spray Brand Beauty Cosmetic Makeup For Women And Girls,2.jpeg,face\92\SHEGLAM Camera On Blurring Waterproof Setting Spray Brand Beauty Cosmetic Makeup For Women And Girls\2.jpeg
face,94,SHEGLAM For The Flush Lip & Cheek Tint - Cherry Picked Lip Combo Brand Beauty Cosmetic Makeup For Women And Girls,1.jpeg,face\94\SHEGLAM For The Flush Lip & Cheek Tint - Cherry Picked Lip Combo Brand Beauty Cosmetic Makeup For Women And Girls\1.jpeg
face,94,SHEGLAM For The Flush Lip & Cheek Tint - Cherry Picked Lip Combo Brand Beauty Cosmetic Makeup For Women And Girls,2.jpeg,face\94\SHEGLAM For The Flush Lip & Cheek Tint - Cherry Picked Lip Combo Brand Beauty Cosmetic Makeup For Women And Girls\2.jpeg
face,94,SHEGLAM For The Flush Lip & Cheek Tint - Fruit Punch Lip Combo Brand Beauty Cosmetic Makeup For Women And Girls,1.jpeg,face\94\SHEGLAM For The Flush Lip & Cheek Tint - Fruit Punch Lip Combo Brand Beauty Cosmetic Makeup For Women And Girls\1.jpeg
face,94,SHEGLAM For The Flush Lip & Cheek Tint - Fruit Punch Lip Combo Brand Beauty Cosmetic Makeup For Women And Girls,2.jpeg,face\94\SHEGLAM For The Flush Lip & Cheek Tint - Fruit Punch Lip Combo Brand Beauty Cosmetic Makeup For Women And Girls\2.jpeg
face,94,SHEGLAM For The Flush Lip & Cheek Tint - It'S Chili Lip Combo Brand Beauty Cosmetic Makeup For Women And Girls,1.jpeg,face\94\SHEGLAM For The Flush Lip & Cheek Tint - It'S Chili Lip Combo Brand Beauty Cosmetic Makeup For Women And Girls\1.jpeg
face,94,SHEGLAM For The Flush Lip & Cheek Tint - It'S Chili Lip Combo Brand Beauty Cosmetic Makeup For Women And Girls,2.jpeg,face\94\SHEGLAM For The Flush Lip & Cheek Tint - It'S Chili Lip Combo Brand Beauty Cosmetic Makeup For Women And Girls\2.jpeg
face,95,SHEGLAM Cheek 2 Cheek Blush Duo-Pink Sprinkles 0 Brand Beauty Cosmetic Makeup For Women And Girls,1.PNG,face\95\SHEGLAM Cheek 2 Cheek Blush Duo-Pink Sprinkles 0 Brand Beauty Cosmetic Makeup For Women And Girls\1.PNG
face,95,SHEGLAM Cheek 2 Cheek Blush Duo-Pink Sprinkles 0 Brand Beauty Cosmetic Makeup For Women And Girls,2.PNG,face\95\SHEGLAM Cheek 2 Cheek Blush Duo-Pink Sprinkles 0 Brand Beauty Cosmetic Makeup For Women And Girls\2.PNG
face,95,SHEGLAM Cheek 2 Cheek Blush Duo-Pink Sprinkles 0 Brand Beauty Cosmetic Makeup For Women And Girls,3.PNG,face\95\SHEGLAM Cheek 2 Cheek Blush Duo-Pink Sprinkles 0 Brand Beauty Cosmetic Makeup For Women And Girls\3.PNG
hair,9,SHEGLAM Glass Lock Air Gloss-High Key Lip Combo Brand Beauty Cosmetic Makeup For Women And Girls,1.jpeg,hair\9\SHEGLAM Glass Lock Air Gloss-High Key Lip Combo Brand Beauty Cosmetic Makeup For Women And Girls\1.jpeg
hair,9,SHEGLAM Glass Lock Air Gloss-High Key Lip Combo Brand Beauty Cosmetic Makeup For Women And Girls,2.PNG,hair\9\SHEGLAM Glass Lock Air Gloss-High Key Lip Combo Brand Beauty Cosmetic Makeup For Women And Girls\2.PNG
hair,9,SHEGLAM Glass Lock Air Gloss-High Key Lip Combo Brand Beauty Cosmetic Makeup For Women And Girls,3.PNG,hair\9\SHEGLAM Glass Lock Air Gloss-High Key Lip Combo Brand Beauty Cosmetic Makeup For Women And Girls\3.PNG
hair,9,SHEGLAM Glass Lock Air Gloss-Strawberry Milk Lip Combo Brand Beauty Cosmetic Makeup For Women And Girls,1.jpeg,hair\9\SHEGLAM Glass Lock Air Gloss-Strawberry Milk Lip Combo Brand Beauty Cosmetic Makeup For Women And Girls\1.jpeg
hair,9,SHEGLAM Glass Lock Air Gloss-Strawberry Milk Lip Combo Brand Beauty Cosmetic Makeup For Women And Girls,2.PNG,hair\9\SHEGLAM Glass Lock Air Gloss-Strawberry Milk Lip Combo Brand Beauty Cosmetic Makeup For Women And Girls\2.PNG
hair,9,SHEGLAM Glass Lock Air Gloss-Strawberry Milk Lip Combo Brand Beauty Cosmetic Makeup For Women And Girls,3.PNG,hair\9\SHEGLAM Glass Lock Air Gloss-Strawberry Milk Lip Combo Brand Beauty Cosmetic Makeup For Women And Girls\3.PNG
hair,42,"SHEGLAM HAIR Blowout Bliss Volumizing Hot Air Brush,Hair Dryer Brush,Blow Dryer Brush,4 In 1 Hair Dryer And Styler Volumizer For Drying Straightening Curling Volumizing Hair,GLOSS PRO™ Coating,Built-In Care",1.PNG,"hair\42\SHEGLAM HAIR Blowout Bliss Volumizing Hot Air Brush,Hair Dryer Brush,Blow Dryer Brush,4 In 1 Hair Dryer And Styler Volumizer For Drying Straightening Curling Volumizing Hair,GLOSS PRO™ Coating,Built-In Care\1.PNG"
hair,42,"SHEGLAM HAIR Blowout Bliss Volumizing Hot Air Brush,Hair Dryer Brush,Blow Dryer Brush,4 In 1 Hair Dryer And Styler Volumizer For Drying Straightening Curling Volumizing Hair,GLOSS PRO™ Coating,Built-In Care",2.PNG,"hair\42\SHEGLAM HAIR Blowout Bliss Volumizing Hot Air Brush,Hair Dryer Brush,Blow Dryer Brush,4 In 1 Hair Dryer And Styler Volumizer For Drying Straightening Curling Volumizing Hair,GLOSS PRO™ Coating,Built-In Care\2.PNG"
hair,42,"SHEGLAM HAIR Blowout Bliss Volumizing Hot Air Brush,Hair Dryer Brush,Blow Dryer Brush,4 In 1 Hair Dryer And Styler Volumizer For Drying Straightening Curling Volumizing Hair,GLOSS PRO™ Coating,Built-In Care",3.PNG,"hair\42\SHEGLAM HAIR Blowout Bliss Volumizing Hot Air Brush,Hair Dryer Brush,Blow Dryer Brush,4 In 1 Hair Dryer And Styler Volumizer For Drying Straightening Curling Volumizing Hair,GLOSS PRO™ Coating,Built-In Care\3.PNG"
lips,1,SHEGLAM Glam 101 Lipstick & Liner Duo - Berry Whip Lip Combo Brand Beauty Cosmetic Makeup For Women And Girls,1.PNG,lips\1\SHEGLAM Glam 101 Lipstick & Liner Duo - Berry Whip Lip Combo Brand Beauty Cosmetic Makeup For Women And Girls\1.PNG
lips,1,SHEGLAM Glam 101 Lipstick & Liner Duo - Berry Whip Lip Combo Brand Beauty Cosmetic Makeup For Women And Girls,2.PNG,lips\1\SHEGLAM Glam 101 Lipstick & Liner Duo - Berry Whip Lip Combo Brand Beauty Cosmetic Makeup For Women And Girls\2.PNG
lips,1,SHEGLAM Glam 101 Lipstick & Liner Duo - Berry Whip Lip Combo Brand Beauty Cosmetic Makeup For Women And Girls,3.PNG,lips\1\SHEGLAM Glam 101 Lipstick & Liner Duo - Berry Whip Lip Combo Brand Beauty Cosmetic Makeup For Women And Girls\3.PNG
lips,1,SHEGLAM Glam 101 Lipstick & Liner Duo - Cherry Fudge Lip Combo Brand Beauty Cosmetic Makeup For Women And Girls,1.PNG,lips\1\SHEGLAM Glam 101 Lipstick & Liner Duo - Cherry Fudge Lip Combo Brand Beauty Cosmetic Makeup For Women And Girls\1.PNG
lips,1,SHEGLAM Glam 101 Lipstick & Liner Duo - Cherry Fudge Lip Combo Brand Beauty Cosmetic Makeup For Women And Girls,2.PNG,lips\1\SHEGLAM Glam 101 Lipstick & Liner Duo - Cherry Fudge Lip Combo Brand Beauty Cosmetic Makeup For Women And Girls\2.PNG
lips,1,SHEGLAM Glam 101 Lipstick & Liner Duo - Cherry Fudge Lip Combo Brand Beauty Cosmetic Makeup For Women And Girls,3.PNG,lips\1\SHEGLAM Glam 101 Lipstick & Liner Duo - Cherry Fudge Lip Combo Brand Beauty Cosmetic Makeup For Women And Girls\3.PNG
lips,1,SHEGLAM Glam 101 Lipstick & Liner Duo - Macaron Lip Combo Brand Beauty Cosmetic Makeup For Women And Girls,1.PNG,lips\1\SHEGLAM Glam 101 Lipstick & Liner Duo - Macaron Lip Combo Brand Beauty Cosmetic Makeup For Women And Girls\1.PNG
lips,1,SHEGLAM Glam 101 Lipstick & Liner Duo - Macaron Lip Combo Brand Beauty Cosmetic Makeup For Women And Girls,2.PNG,lips\1\SHEGLAM Glam 101 Lipstick & Liner Duo - Macaron Lip Combo Brand Beauty Cosmetic Makeup For Women And Girls\2.PNG
lips,1,SHEGLAM Glam 101 Lipstick & Liner Duo - Macaron Lip Combo Brand Beauty Cosmetic Makeup For Women And Girls,3.PNG,lips\1\SHEGLAM Glam 101 Lipstick & Liner Duo - Macaron Lip Combo Brand Beauty Cosmetic Makeup For Women And Girls\3.PNG
lips,1,SHEGLAM Glam 101 Lipstick & Liner Duo - Praline Pie Lip Combo Brand Beauty Cosmetic Makeup For Women And Girls,1.PNG,lips\1\SHEGLAM Glam 101 Lipstick & Liner Duo - Praline Pie Lip Combo Brand Beauty Cosmetic Makeup For Women And Girls\1.PNG
lips,1,SHEGLAM Glam 101 Lipstick & Liner Duo - Praline Pie Lip Combo Brand Beauty Cosmetic Makeup For Women And Girls,2.PNG,lips\1\SHEGLAM Glam 101 Lipstick & Liner Duo - Praline Pie Lip Combo Brand Beauty Cosmetic Makeup For Women And Girls\2.PNG
lips,1,SHEGLAM Glam 101 Lipstick & Liner Duo - Praline Pie Lip Combo Brand Beauty Cosmetic Makeup For Women And Girls,3.PNG,lips\1\SHEGLAM Glam 101 Lipstick & Liner Duo - Praline Pie Lip Combo Brand Beauty Cosmetic Makeup For Women And Girls\3.PNG
lips,1,SHEGLAM Glam 101 Lipstick & Liner Duo-Deep Caramel Lip Combo Brand Beauty Cosmetic Makeup For Women And Girls,1.PNG,lips\1\SHEGLAM Glam 101 Lipstick & Liner Duo-Deep Caramel Lip Combo Brand Beauty Cosmetic Makeup For Women And Girls\1.PNG
lips,1,SHEGLAM Glam 101 Lipstick & Liner Duo-Deep Caramel Lip Combo Brand Beauty Cosmetic Makeup For Women And Girls,2.PNG,lips\1\SHEGLAM Glam 101 Lipstick & Liner Duo-Deep Caramel Lip Combo Brand Beauty Cosmetic Makeup For Women And Girls\2.PNG
lips,1,SHEGLAM Glam 101 Lipstick & Liner Duo-Deep Caramel Lip Combo Brand Beauty Cosmetic Makeup For Women And Girls,3.PNG,lips\1\SHEGLAM Glam 101 Lipstick & Liner Duo-Deep Caramel Lip Combo Brand Beauty Cosmetic Makeup For Women And Girls\3.PNG
lips,1,SHEGLAM Glam 101 Sheer Tinted Lipstick & Liner Duo-Blueberry Jam Lip Combo Brand Beauty Cosmetic Makeup For Women And Girls,1.PNG,lips\1\SHEGLAM Glam 101 Sheer Tinted Lipstick & Liner Duo-Blueberry Jam Lip Combo Brand Beauty Cosmetic Makeup For Women And Girls\1.PNG
lips,1,SHEGLAM Glam 101 Sheer Tinted Lipstick & Liner Duo-Blueberry Jam Lip Combo Brand Beauty Cosmetic Makeup For Women And Girls,2.PNG,lips\1\SHEGLAM Glam 101 Sheer Tinted Lipstick & Liner Duo-Blueberry Jam Lip Combo Brand Beauty Cosmetic Makeup For Women And Girls\2.PNG
lips,1,SHEGLAM Glam 101 Sheer Tinted Lipstick & Liner Duo-Blueberry Jam Lip Combo Brand Beauty Cosmetic Makeup For Women And Girls,3.PNG,lips\1\SHEGLAM Glam 101 Sheer Tinted Lipstick & Liner Duo-Blueberry Jam Lip Combo Brand Beauty Cosmetic Makeup For Women And Girls\3.PNG
lips,1,SHEGLAM Glam 101 Sheer Tinted Lipstick & Liner Duo-Cherry Glaze Lip Combo Brand Beauty Cosmetic Makeup For Women And Girls,1.PNG,lips\1\SHEGLAM Glam 101 Sheer Tinted Lipstick & Liner Duo-Cherry Glaze Lip Combo Brand Beauty Cosmetic Makeup For Women And Girls\1.PNG
lips,1,SHEGLAM Glam 101 Sheer Tinted Lipstick & Liner Duo-Cherry Glaze Lip Combo Brand Beauty Cosmetic Makeup For Women And Girls,2.PNG,lips\1\SHEGLAM Glam 101 Sheer Tinted Lipstick & Liner Duo-Cherry Glaze Lip Combo Brand Beauty Cosmetic Makeup For Women And Girls\2.PNG
lips,1,SHEGLAM Glam 101 Sheer Tinted Lipstick & Liner Duo-Cherry Glaze Lip Combo Brand Beauty Cosmetic Makeup For Women And Girls,3.PNG,lips\1\SHEGLAM Glam 101 Sheer Tinted Lipstick & Liner Duo-Cherry Glaze Lip Combo Brand Beauty Cosmetic Makeup For Women And Girls\3.PNG
lips,1,SHEGLAM Glam 101 Sheer Tinted Lipstick & Liner Duo-Cinna-Swirl Lip Combo Brand Beauty Cosmetic Makeup For Women And Girls,1.PNG,lips\1\SHEGLAM Glam 101 Sheer Tinted Lipstick & Liner Duo-Cinna-Swirl Lip Combo Brand Beauty Cosmetic Makeup For Women And Girls\1.PNG
lips,1,SHEGLAM Glam 101 Sheer Tinted Lipstick & Liner Duo-Cinna-Swirl Lip Combo Brand Beauty Cosmetic Makeup For Women And Girls,2.PNG,lips\1\SHEGLAM Glam 101 Sheer Tinted Lipstick & Liner Duo-Cinna-Swirl Lip Combo Brand Beauty Cosmetic Makeup For Women And Girls\2.PNG
lips,1,SHEGLAM Glam 101 Sheer Tinted Lipstick & Liner Duo-Cinna-Swirl Lip Combo Brand Beauty Cosmetic Makeup For Women And Girls,3.PNG,lips\1\SHEGLAM Glam 101 Sheer Tinted Lipstick & Liner Duo-Cinna-Swirl Lip Combo Brand Beauty Cosmetic Makeup For Women And Girls\3.PNG
lips,2,SHEGLAM Lip Rules Liner & Gloss Pen-By The Book Lip Combo Brand Beauty Cosmetic Makeup For Women And Girls,1.PNG,lips\2\SHEGLAM Lip Rules Liner & Gloss Pen-By The Book Lip Combo Brand Beauty Cosmetic Makeup For Women And Girls\1.PNG
lips,2,SHEGLAM Lip Rules Liner & Gloss Pen-By The Book Lip Combo Brand Beauty Cosmetic Makeup For Women And Girls,2.PNG,lips\2\SHEGLAM Lip Rules Liner & Gloss Pen-By The Book Lip Combo Brand Beauty Cosmetic Makeup For Women And Girls\2.PNG
lips,2,SHEGLAM Lip Rules Liner & Gloss Pen-By The Book Lip Combo Brand Beauty Cosmetic Makeup For Women And Girls,3.PNG,lips\2\SHEGLAM Lip Rules Liner & Gloss Pen-By The Book Lip Combo Brand Beauty Cosmetic Makeup For Women And Girls\3.PNG
lips,2,SHEGLAM Lip Rules Liner & Gloss Pen-By The Book Lip Combo Brand Beauty Cosmetic Makeup For Women And Girls,4.PNG,lips\2\SHEGLAM Lip Rules Liner & Gloss Pen-By The Book Lip Combo Brand Beauty Cosmetic Makeup For Women And Girls\4.PNG
lips,2,SHEGLAM Lip Rules Liner & Gloss Pen-Case X Case Lip Combo Brand Beauty Cosmetic Makeup For Women And Girls,1.PNG,lips\2\SHEGLAM Lip Rules Liner & Gloss Pen-Case X Case Lip Combo Brand Beauty Cosmetic Makeup For Women And Girls\1.PNG
lips,2,SHEGLAM Lip Rules Liner & Gloss Pen-Case X Case Lip Combo Brand Beauty Cosmetic Makeup For Women And Girls,2.PNG,lips\2\SHEGLAM Lip Rules Liner & Gloss Pen-Case X Case Lip Combo Brand Beauty Cosmetic Makeup For Women And Girls\2.PNG
lips,2,SHEGLAM Lip Rules Liner & Gloss Pen-Case X Case Lip Combo Brand Beauty Cosmetic Makeup For Women And Girls,3.PNG,lips\2\SHEGLAM Lip Rules Liner & Gloss Pen-Case X Case Lip Combo Brand Beauty Cosmetic Makeup For Women And Girls\3.PNG
lips,2,SHEGLAM Lip Rules Liner & Gloss Pen-Case X Case Lip Combo Brand Beauty Cosmetic Makeup For Women And Girls,4.PNG,lips\2\SHEGLAM Lip Rules Liner & Gloss Pen-Case X Case Lip Combo Brand Beauty Cosmetic Makeup For Women And Girls\4.PNG
lips,2,SHEGLAM Lip Rules Liner & Gloss Pen-Golden Rule Lip Combo Brand Beauty Cosmetic Makeup For Women And Girls,1.PNG,lips\2\SHEGLAM Lip Rules Liner & Gloss Pen-Golden Rule Lip Combo Brand Beauty Cosmetic Makeup For Women And Girls\1.PNG
lips,2,SHEGLAM Lip Rules Liner & Gloss Pen-Golden Rule Lip Combo Brand Beauty Cosmetic Makeup For Women And Girls,2.PNG,lips\2\SHEGLAM Lip Rules Liner & Gloss Pen-Golden Rule Lip Combo Brand Beauty Cosmetic Makeup For Women And Girls\2.PNG
lips,2,SHEGLAM Lip Rules Liner & Gloss Pen-Golden Rule Lip Combo Brand Beauty Cosmetic Makeup For Women And Girls,3.PNG,lips\2\SHEGLAM Lip Rules Liner & Gloss Pen-Golden Rule Lip Combo Brand Beauty Cosmetic Makeup For Women And Girls\3.PNG
lips,2,SHEGLAM Lip Rules Liner & Gloss Pen-Golden Rule Lip Combo Brand Beauty Cosmetic Makeup For Women And Girls,4.PNG,lips\2\SHEGLAM Lip Rules Liner & Gloss Pen-Golden Rule Lip Combo Brand Beauty Cosmetic Makeup For Women And Girls\4.PNG
lips,2,SHEGLAM Lip Rules Liner & Gloss Pen-Judgey Much Lip Combo Brand Beauty Cosmetic Makeup For Women And Girls,1.PNG,lips\2\SHEGLAM Lip Rules Liner & Gloss Pen-Judgey Much Lip Combo Brand Beauty Cosmetic Makeup For Women And Girls\1.PNG
lips,2,SHEGLAM Lip Rules Liner & Gloss Pen-Judgey Much Lip Combo Brand Beauty Cosmetic Makeup For Women And Girls,2.PNG,lips\2\SHEGLAM Lip Rules Liner & Gloss Pen-Judgey Much Lip Combo Brand Beauty Cosmetic Makeup For Women And Girls\2.PNG
lips,2,SHEGLAM Lip Rules Liner & Gloss Pen-Judgey Much Lip Combo Brand Beauty Cosmetic Makeup For Women And Girls,3.PNG,lips\2\SHEGLAM Lip Rules Liner & Gloss Pen-Judgey Much Lip Combo Brand Beauty Cosmetic Makeup For Women And Girls\3.PNG
lips,2,SHEGLAM Lip Rules Liner & Gloss Pen-Judgey Much Lip Combo Brand Beauty Cosmetic Makeup For Women And Girls,4.PNG,lips\2\SHEGLAM Lip Rules Liner & Gloss Pen-Judgey Much Lip Combo Brand Beauty Cosmetic Makeup For Women And Girls\4.PNG
lips,2,SHEGLAM Lip Rules Liner & Gloss Pen-Play Fair Lip Combo Brand Beauty Cosmetic Makeup For Women And Girls,1.PNG,lips\2\SHEGLAM Lip Rules Liner & Gloss Pen-Play Fair Lip Combo Brand Beauty Cosmetic Makeup For Women And Girls\1.PNG
lips,2,SHEGLAM Lip Rules Liner & Gloss Pen-Play Fair Lip Combo Brand Beauty Cosmetic Makeup For Women And Girls,2.PNG,lips\2\SHEGLAM Lip Rules Liner & Gloss Pen-Play Fair Lip Combo Brand Beauty Cosmetic Makeup For Women And Girls\2.PNG
lips,2,SHEGLAM Lip Rules Liner & Gloss Pen-Play Fair Lip Combo Brand Beauty Cosmetic Makeup For Women And Girls,3.PNG,lips\2\SHEGLAM Lip Rules Liner & Gloss Pen-Play Fair Lip Combo Brand Beauty Cosmetic Makeup For Women And Girls\3.PNG
lips,2,SHEGLAM Lip Rules Liner & Gloss Pen-Play Fair Lip Combo Brand Beauty Cosmetic Makeup For Women And Girls,4.PNG,lips\2\SHEGLAM Lip Rules Liner & Gloss Pen-Play Fair Lip Combo Brand Beauty Cosmetic Makeup For Women And Girls\4.PNG
lips,5,SHEGLAM Mega Lip Stacks-Bare Stack Lip Combo Brand Beauty Cosmetic Makeup For Women And Girls,1.jpeg,lips\5\SHEGLAM Mega Lip Stacks-Bare Stack Lip Combo Brand Beauty Cosmetic Makeup For Women And Girls\1.jpeg
lips,5,SHEGLAM Mega Lip Stacks-Bare Stack Lip Combo Brand Beauty Cosmetic Makeup For Women And Girls,2.PNG,lips\5\SHEGLAM Mega Lip Stacks-Bare Stack Lip Combo Brand Beauty Cosmetic Makeup For Women And Girls\2.PNG
lips,5,SHEGLAM Mega Lip Stacks-Bare Stack Lip Combo Brand Beauty Cosmetic Makeup For Women And Girls,3.PNG,lips\5\SHEGLAM Mega Lip Stacks-Bare Stack Lip Combo Brand Beauty Cosmetic Makeup For Women And Girls\3.PNG
lips,5,SHEGLAM Mega Lip Stacks-Bare Stack Lip Combo Brand Beauty Cosmetic Makeup For Women And Girls,4.PNG,lips\5\SHEGLAM Mega Lip Stacks-Bare Stack Lip Combo Brand Beauty Cosmetic Makeup For Women And Girls\4.PNG
lips,5,SHEGLAM Mega Lip Stacks-Brownie Stack Lip Combo Brand Beauty Cosmetic Makeup For Women And Girls,1.jpeg,lips\5\SHEGLAM Mega Lip Stacks-Brownie Stack Lip Combo Brand Beauty Cosmetic Makeup For Women And Girls\1.jpeg
lips,5,SHEGLAM Mega Lip Stacks-Brownie Stack Lip Combo Brand Beauty Cosmetic Makeup For Women And Girls,2.PNG,lips\5\SHEGLAM Mega Lip Stacks-Brownie Stack Lip Combo Brand Beauty Cosmetic Makeup For Women And Girls\2.PNG
lips,5,SHEGLAM Mega Lip Stacks-Brownie Stack Lip Combo Brand Beauty Cosmetic Makeup For Women And Girls,3.PNG,lips\5\SHEGLAM Mega Lip Stacks-Brownie Stack Lip Combo Brand Beauty Cosmetic Makeup For Women And Girls\3.PNG
lips,5,SHEGLAM Mega Lip Stacks-Brownie Stack Lip Combo Brand Beauty Cosmetic Makeup For Women And Girls,4.PNG,lips\5\SHEGLAM Mega Lip Stacks-Brownie Stack Lip Combo Brand Beauty Cosmetic Makeup For Women And Girls\4.PNG
lips,5,SHEGLAM Mega Lip Stacks-Petal Stack Lip Combo Brand Beauty Cosmetic Makeup For Women And Girls,1.jpeg,lips\5\SHEGLAM Mega Lip Stacks-Petal Stack Lip Combo Brand Beauty Cosmetic Makeup For Women And Girls\1.jpeg
lips,5,SHEGLAM Mega Lip Stacks-Petal Stack Lip Combo Brand Beauty Cosmetic Makeup For Women And Girls,2.PNG,lips\5\SHEGLAM Mega Lip Stacks-Petal Stack Lip Combo Brand Beauty Cosmetic Makeup For Women And Girls\2.PNG
lips,5,SHEGLAM Mega Lip Stacks-Petal Stack Lip Combo Brand Beauty Cosmetic Makeup For Women And Girls,3.PNG,lips\5\SHEGLAM Mega Lip Stacks-Petal Stack Lip Combo Brand Beauty Cosmetic Makeup For Women And Girls\3.PNG
lips,5,SHEGLAM Mega Lip Stacks-Petal Stack Lip Combo Brand Beauty Cosmetic Makeup For Women And Girls,4.PNG,lips\5\SHEGLAM Mega Lip Stacks-Petal Stack Lip Combo Brand Beauty Cosmetic Makeup For Women And Girls\4.PNG
lips,8,12 pcs lip gloss set moisturizing matt noet easy to fade lip stain lipstick fine glitter lip glaze gift box for mother day valentine day gift for her,1.PNG,lips\8\12 pcs lip gloss set moisturizing matt noet easy to fade lip stain lipstick fine glitter lip glaze gift box for mother day valentine day gift for her\1.PNG
lips,8,12 pcs lip gloss set moisturizing matt noet easy to fade lip stain lipstick fine glitter lip glaze gift box for mother day valentine day gift for her,2.PNG,lips\8\12 pcs lip gloss set moisturizing matt noet easy to fade lip stain lipstick fine glitter lip glaze gift box for mother day valentine day gift for her\2.PNG
lips,8,12 pcs lip gloss set moisturizing matt noet easy to fade lip stain lipstick fine glitter lip glaze gift box for mother day valentine day gift for her,3.PNG,lips\8\12 pcs lip gloss set moisturizing matt noet easy to fade lip stain lipstick fine glitter lip glaze gift box for mother day valentine day gift for her\3.PNG
lips,8,12 pcs lip gloss set moisturizing matt noet easy to fade lip stain lipstick fine glitter lip glaze gift box for mother day valentine day gift for her,4.PNG,lips\8\12 pcs lip gloss set moisturizing matt noet easy to fade lip stain lipstick fine glitter lip glaze gift box for mother day valentine day gift for her\4.PNG
lips,8,12 pcs lip gloss set moisturizing matt noet easy to fade lip stain lipstick fine glitter lip glaze gift box for mother day valentine day gift for her,5.PNG,lips\8\12 pcs lip gloss set moisturizing matt noet easy to fade lip stain lipstick fine glitter lip glaze gift box for mother day valentine day gift for her\5.PNG
lips,8,12 pcs lip gloss set moisturizing matt noet easy to fade lip stain lipstick fine glitter lip glaze gift box for mother day valentine day gift for her,6.PNG,lips\8\12 pcs lip gloss set moisturizing matt noet easy to fade lip stain lipstick fine glitter lip glaze gift box for mother day valentine day gift for her\6.PNG
lips,11,SHEGLAM Bubble Kiss Lip Balm-Peaches Lip Combo Brand Beauty Cosmetic Makeup For Women And Girls,1.PNG,lips\11\SHEGLAM Bubble Kiss Lip Balm-Peaches Lip Combo Brand Beauty Cosmetic Makeup For Women And Girls\1.PNG
lips,11,SHEGLAM Bubble Kiss Lip Balm-Peaches Lip Combo Brand Beauty Cosmetic Makeup For Women And Girls,2.PNG,lips\11\SHEGLAM Bubble Kiss Lip Balm-Peaches Lip Combo Brand Beauty Cosmetic Makeup For Women And Girls\2.PNG
lips,11,SHEGLAM Bubble Kiss Lip Balm-Peaches Lip Combo Brand Beauty Cosmetic Makeup For Women And Girls,3.PNG,lips\11\SHEGLAM Bubble Kiss Lip Balm-Peaches Lip Combo Brand Beauty Cosmetic Makeup For Women And Girls\3.PNG
lips,12,The Powerpuff Girls X SHEGLAM The Powerpuff Girls  Save The Day Lip Care Brand Beauty Cosmetic Makeup For Women And Girls,1.PNG,lips\12\The Powerpuff Girls X SHEGLAM The Powerpuff Girls  Save The Day Lip Care Brand Beauty Cosmetic Makeup For Women And Girls\1.PNG
lips,12,The Powerpuff Girls X SHEGLAM The Powerpuff Girls  Save The Day Lip Care Brand Beauty Cosmetic Makeup For Women And Girls,2.PNG,lips\12\The Powerpuff Girls X SHEGLAM The Powerpuff Girls  Save The Day Lip Care Brand Beauty Cosmetic Makeup For Women And Girls\2.PNG
lips,12,The Powerpuff Girls X SHEGLAM The Powerpuff Girls  Save The Day Lip Care Brand Beauty Cosmetic Makeup For Women And Girls,3.PNG,lips\12\The Powerpuff Girls X SHEGLAM The Powerpuff Girls  Save The Day Lip Care Brand Beauty Cosmetic Makeup For Women And Girls\3.PNG
lips,13,SHEGLAM Starlight Velvet Lipstick - Beach Babe Lip Combo Brand Beauty Cosmetic Makeup For Women And Girls,1.PNG,lips\13\SHEGLAM Starlight Velvet Lipstick - Beach Babe Lip Combo Brand Beauty Cosmetic Makeup For Women And Girls\1.PNG
lips,13,SHEGLAM Starlight Velvet Lipstick - Beach Babe Lip Combo Brand Beauty Cosmetic Makeup For Women And Girls,2.PNG,lips\13\SHEGLAM Starlight Velvet Lipstick - Beach Babe Lip Combo Brand Beauty Cosmetic Makeup For Women And Girls\2.PNG
lips,13,SHEGLAM Starlight Velvet Lipstick - Beach Babe Lip Combo Brand Beauty Cosmetic Makeup For Women And Girls,3.PNG,lips\13\SHEGLAM Starlight Velvet Lipstick - Beach Babe Lip Combo Brand Beauty Cosmetic Makeup For Women And Girls\3.PNG
lips,14,SHEGLAM Pout-Perfect Shimmer Lip Plumper-Gold Rush Lip Combo Brand Beauty Cosmetic Makeup For Women And Girls,1.PNG,lips\14\SHEGLAM Pout-Perfect Shimmer Lip Plumper-Gold Rush Lip Combo Brand Beauty Cosmetic Makeup For Women And Girls\1.PNG
lips,14,SHEGLAM Pout-Perfect Shimmer Lip Plumper-Gold Rush Lip Combo Brand Beauty Cosmetic Makeup For Women And Girls,2.PNG,lips\14\SHEGLAM Pout-Perfect Shimmer Lip Plumper-Gold Rush Lip Combo Brand Beauty Cosmetic Makeup For Women And Girls\2.PNG
lips,14,SHEGLAM Pout-Perfect Shimmer Lip Plumper-Gold Rush Lip Combo Brand Beauty Cosmetic Makeup For Women And Girls,3.PNG,lips\14\SHEGLAM Pout-Perfect Shimmer Lip Plumper-Gold Rush Lip Combo Brand Beauty Cosmetic Makeup For Women And Girls\3.PNG
lips,14,SHEGLAM Pout-Perfect Shimmer Lip Plumper-Pink Flamingo Lip Combo Brand Beauty Cosmetic Makeup For Women And Girls,1.PNG,lips\14\SHEGLAM Pout-Perfect Shimmer Lip Plumper-Pink Flamingo Lip Combo Brand Beauty Cosmetic Makeup For Women And Girls\1.PNG
lips,14,SHEGLAM Pout-Perfect Shimmer Lip Plumper-Pink Flamingo Lip Combo Brand Beauty Cosmetic Makeup For Women And Girls,2.PNG,lips\14\SHEGLAM Pout-Perfect Shimmer Lip Plumper-Pink Flamingo Lip Combo Brand Beauty Cosmetic Makeup For Women And Girls\2.PNG
lips,14,SHEGLAM Pout-Perfect Shimmer Lip Plumper-Pink Flamingo Lip Combo Brand Beauty Cosmetic Makeup For Women And Girls,3.PNG,lips\14\SHEGLAM Pout-Perfect Shimmer Lip Plumper-Pink Flamingo Lip Combo Brand Beauty Cosmetic Makeup For Women And Girls\3.PNG
lips,14,SHEGLAM Pout-Perfect Shine Lip Plumper-First Crush Lip Combo Brand Beauty Cosmetic Makeup For Women And Girls,1.PNG,lips\14\SHEGLAM Pout-Perfect Shine Lip Plumper-First Crush Lip Combo Brand Beauty Cosmetic Makeup For Women And Girls\1.PNG
lips,14,SHEGLAM Pout-Perfect Shine Lip Plumper-First Crush Lip Combo Brand Beauty Cosmetic Makeup For Women And Girls,2.PNG,lips\14\SHEGLAM Pout-Perfect Shine Lip Plumper-First Crush Lip Combo Brand Beauty Cosmetic Makeup For Women And Girls\2.PNG
lips,14,SHEGLAM Pout-Perfect Shine Lip Plumper-First Crush Lip Combo Brand Beauty Cosmetic Makeup For Women And Girls,3.PNG,lips\14\SHEGLAM Pout-Perfect Shine Lip Plumper-First Crush Lip Combo Brand Beauty Cosmetic Makeup For Women And Girls\3.PNG
lips,14,SHEGLAM Pout-Perfect Shine Lip Plumper-Hot Cocoa Lip Combo Brand Beauty Cosmetic Makeup For Women And Girls,1.PNG,lips\14\SHEGLAM Pout-Perfect Shine Lip Plumper-Hot Cocoa Lip Combo Brand Beauty Cosmetic Makeup For Women And Girls\1.PNG
lips,14,SHEGLAM Pout-Perfect Shine Lip Plumper-Hot Cocoa Lip Combo Brand Beauty Cosmetic Makeup For Women And Girls,2.PNG,lips\14\SHEGLAM Pout-Perfect Shine Lip Plumper-Hot Cocoa Lip Combo Brand Beauty Cosmetic Makeup For Women And Girls\2.PNG
lips,14,SHEGLAM Pout-Perfect Shine Lip Plumper-Hot Cocoa Lip Combo Brand Beauty Cosmetic Makeup For Women And Girls,3.PNG,lips\14\SHEGLAM Pout-Perfect Shine Lip Plumper-Hot Cocoa Lip Combo Brand Beauty Cosmetic Makeup For Women And Girls\3.PNG
lips,14,SHEGLAM Pout-Perfect Shine Lip Plumper-In Bloom Lip Combo Brand Beauty Cosmetic Makeup For Women And Girls,1.PNG,lips\14\SHEGLAM Pout-Perfect Shine Lip Plumper-In Bloom Lip Combo Brand Beauty Cosmetic Makeup For Women And Girls\1.PNG
lips,14,SHEGLAM Pout-Perfect Shine Lip Plumper-In Bloom Lip Combo Brand Beauty Cosmetic Makeup For Women And Girls,2.PNG,lips\14\SHEGLAM Pout-Perfect Shine Lip Plumper-In Bloom Lip Combo Brand Beauty Cosmetic Makeup For Women And Girls\2.PNG
lips,14,SHEGLAM Pout-Perfect Shine Lip Plumper-In Bloom Lip Combo Brand Beauty Cosmetic Makeup For Women And Girls,3.PNG,lips\14\SHEGLAM Pout-Perfect Shine Lip Plumper-In Bloom Lip Combo Brand Beauty Cosmetic Makeup For Women And Girls\3.PNG
lips,14,SHEGLAM Pout-Perfect Shine Lip Plumper-Mahogany Magic Lip Combo Brand Beauty Cosmetic Makeup For Women And Girls,1.PNG,lips\14\SHEGLAM Pout-Perfect Shine Lip Plumper-Mahogany Magic Lip Combo Brand Beauty Cosmetic Makeup For Women And Girls\1.PNG
lips,14,SHEGLAM Pout-Perfect Shine Lip Plumper-Mahogany Magic Lip Combo Brand Beauty Cosmetic Makeup For Women And Girls,2.PNG,lips\14\SHEGLAM Pout-Perfect Shine Lip Plumper-Mahogany Magic Lip Combo Brand Beauty Cosmetic Makeup For Women And Girls\2.PNG
lips,14,SHEGLAM Pout-Perfect Shine Lip Plumper-Mahogany Magic Lip Combo Brand Beauty Cosmetic Makeup For Women And Girls,3.PNG,lips\14\SHEGLAM Pout-Perfect Shine Lip Plumper-Mahogany Magic Lip Combo Brand Beauty Cosmetic Makeup For Women And Girls\3.PNG
lips,14,SHEGLAM Pout-Perfect Shine Lip Plumper-Peachy Keen Lip Combo Brand Beauty Cosmetic Makeup For Women And Girls,1.PNG,lips\14\SHEGLAM Pout-Perfect Shine Lip Plumper-Peachy Keen Lip Combo Brand Beauty Cosmetic Makeup For Women And Girls\1.PNG
lips,14,SHEGLAM Pout-Perfect Shine Lip Plumper-Peachy Keen Lip Combo Brand Beauty Cosmetic Makeup For Women And Girls,2.PNG,lips\14\SHEGLAM Pout-Perfect Shine Lip Plumper-Peachy Keen Lip Combo Brand Beauty Cosmetic Makeup For Women And Girls\2.PNG
lips,14,SHEGLAM Pout-Perfect Shine Lip Plumper-Peachy Keen Lip Combo Brand Beauty Cosmetic Makeup For Women And Girls,3.PNG,lips\14\SHEGLAM Pout-Perfect Shine Lip Plumper-Peachy Keen Lip Combo Brand Beauty Cosmetic Makeup For Women And Girls\3.PNG
lips,14,SHEGLAM Pout-Perfect Shine Lip Plumper-Pink Flamingo Lip Combo Brand Beauty Cosmetic Makeup For Women And Girls,1.PNG,lips\14\SHEGLAM Pout-Perfect Shine Lip Plumper-Pink Flamingo Lip Combo Brand Beauty Cosmetic Makeup For Women And Girls\1.PNG
lips,14,SHEGLAM Pout-Perfect Shine Lip Plumper-Pink Flamingo Lip Combo Brand Beauty Cosmetic Makeup For Women And Girls,2.PNG,lips\14\SHEGLAM Pout-Perfect Shine Lip Plumper-Pink Flamingo Lip Combo Brand Beauty Cosmetic Makeup For Women And Girls\2.PNG
lips,14,SHEGLAM Pout-Perfect Shine Lip Plumper-Pink Flamingo Lip Combo Brand Beauty Cosmetic Makeup For Women And Girls,3.PNG,lips\14\SHEGLAM Pout-Perfect Shine Lip Plumper-Pink Flamingo Lip Combo Brand Beauty Cosmetic Makeup For Women And Girls\3.PNG
lips,14,SHEGLAM Pout-Perfect Shine Lip Plumper-Sepia Kiss Lip Combo Brand Beauty Cosmetic Makeup For Women And Girls,1.PNG,lips\14\SHEGLAM Pout-Perfect Shine Lip Plumper-Sepia Kiss Lip Combo Brand Beauty Cosmetic Makeup For Women And Girls\1.PNG
lips,14,SHEGLAM Pout-Perfect Shine Lip Plumper-Sepia Kiss Lip Combo Brand Beauty Cosmetic Makeup For Women And Girls,2.PNG,lips\14\SHEGLAM Pout-Perfect Shine Lip Plumper-Sepia Kiss Lip Combo Brand Beauty Cosmetic Makeup For Women And Girls\2.PNG
lips,14,SHEGLAM Pout-Perfect Shine Lip Plumper-Sepia Kiss Lip Combo Brand Beauty Cosmetic Makeup For Women And Girls,3.PNG,lips\14\SHEGLAM Pout-Perfect Shine Lip Plumper-Sepia Kiss Lip Combo Brand Beauty Cosmetic Makeup For Women And Girls\3.PNG
lips,14,SHEGLAM Pout-Perfect Shine Lip Plumper-Spring Fever Lip Combo Brand Beauty Cosmetic Makeup For Women And Girls,1.PNG,lips\14\SHEGLAM Pout-Perfect Shine Lip Plumper-Spring Fever Lip Combo Brand Beauty Cosmetic Makeup For Women And Girls\1.PNG
lips,14,SHEGLAM Pout-Perfect Shine Lip Plumper-Spring Fever Lip Combo Brand Beauty Cosmetic Makeup For Women And Girls,2.PNG,lips\14\SHEGLAM Pout-Perfect Shine Lip Plumper-Spring Fever Lip Combo Brand Beauty Cosmetic Makeup For Women And Girls\2.PNG
lips,14,SHEGLAM Pout-Perfect Shine Lip Plumper-Spring Fever Lip Combo Brand Beauty Cosmetic Makeup For Women And Girls,3.PNG,lips\14\SHEGLAM Pout-Perfect Shine Lip Plumper-Spring Fever Lip Combo Brand Beauty Cosmetic Makeup For Women And Girls\3.PNG
lips,19,SHEGLAM Dynamatte Boom Long-Lasting Matte Lipstick (Ember Rose Ver.)-Bliss Lip Combo Brand Beauty Cosmetic Makeup For Women And Girls,1.PNG,lips\19\SHEGLAM Dynamatte Boom Long-Lasting Matte Lipstick (Ember Rose Ver.)-Bliss Lip Combo Brand Beauty Cosmetic Makeup For Women And Girls\1.PNG
lips,19,SHEGLAM Dynamatte Boom Long-Lasting Matte Lipstick (Ember Rose Ver.)-Bliss Lip Combo Brand Beauty Cosmetic Makeup For Women And Girls,2.PNG,lips\19\SHEGLAM Dynamatte Boom Long-Lasting Matte Lipstick (Ember Rose Ver.)-Bliss Lip Combo Brand Beauty Cosmetic Makeup For Women And Girls\2.PNG
lips,19,SHEGLAM Dynamatte Boom Long-Lasting Matte Lipstick (Ember Rose Ver.)-Bliss Lip Combo Brand Beauty Cosmetic Makeup For Women And Girls,3.PNG,lips\19\SHEGLAM Dynamatte Boom Long-Lasting Matte Lipstick (Ember Rose Ver.)-Bliss Lip Combo Brand Beauty Cosmetic Makeup For Women And Girls\3.PNG
lips,19,SHEGLAM Dynamatte Boom Long-Lasting Matte Lipstick (Ember Rose Ver.)-Cherish You Lip Combo Brand Beauty Cosmetic Makeup For Women And Girls,1.PNG,lips\19\SHEGLAM Dynamatte Boom Long-Lasting Matte Lipstick (Ember Rose Ver.)-Cherish You Lip Combo Brand Beauty Cosmetic Makeup For Women And Girls\1.PNG
lips,19,SHEGLAM Dynamatte Boom Long-Lasting Matte Lipstick (Ember Rose Ver.)-Cherish You Lip Combo Brand Beauty Cosmetic Makeup For Women And Girls,2.PNG,lips\19\SHEGLAM Dynamatte Boom Long-Lasting Matte Lipstick (Ember Rose Ver.)-Cherish You Lip Combo Brand Beauty Cosmetic Makeup For Women And Girls\2.PNG
lips,19,SHEGLAM Dynamatte Boom Long-Lasting Matte Lipstick (Ember Rose Ver.)-Cherish You Lip Combo Brand Beauty Cosmetic Makeup For Women And Girls,3.PNG,lips\19\SHEGLAM Dynamatte Boom Long-Lasting Matte Lipstick (Ember Rose Ver.)-Cherish You Lip Combo Brand Beauty Cosmetic Makeup For Women And Girls\3.PNG
lips,19,SHEGLAM Dynamatte Boom Long-Lasting Matte Lipstick (Ember Rose Ver.)-My Beloved Lip Combo Brand Beauty Cosmetic Makeup For Women And Girls,1.PNG,lips\19\SHEGLAM Dynamatte Boom Long-Lasting Matte Lipstick (Ember Rose Ver.)-My Beloved Lip Combo Brand Beauty Cosmetic Makeup For Women And Girls\1.PNG
lips,19,SHEGLAM Dynamatte Boom Long-Lasting Matte Lipstick (Ember Rose Ver.)-My Beloved Lip Combo Brand Beauty Cosmetic Makeup For Women And Girls,2.PNG,lips\19\SHEGLAM Dynamatte Boom Long-Lasting Matte Lipstick (Ember Rose Ver.)-My Beloved Lip Combo Brand Beauty Cosmetic Makeup For Women And Girls\2.PNG
lips,19,SHEGLAM Dynamatte Boom Long-Lasting Matte Lipstick (Ember Rose Ver.)-My Beloved Lip Combo Brand Beauty Cosmetic Makeup For Women And Girls,3.PNG,lips\19\SHEGLAM Dynamatte Boom Long-Lasting Matte Lipstick (Ember Rose Ver.)-My Beloved Lip Combo Brand Beauty Cosmetic Makeup For Women And Girls\3.PNG
lips,19,SHEGLAM Dynamatte Boom Long-Lasting Matte Lipstick (Ember Rose Ver.)-Passion Lip Combo Brand Beauty Cosmetic Makeup For Women And Girls,1.PNG,lips\19\SHEGLAM Dynamatte Boom Long-Lasting Matte Lipstick (Ember Rose Ver.)-Passion Lip Combo Brand Beauty Cosmetic Makeup For Women And Girls\1.PNG
lips,19,SHEGLAM Dynamatte Boom Long-Lasting Matte Lipstick (Ember Rose Ver.)-Passion Lip Combo Brand Beauty Cosmetic Makeup For Women And Girls,2.PNG,lips\19\SHEGLAM Dynamatte Boom Long-Lasting Matte Lipstick (Ember Rose Ver.)-Passion Lip Combo Brand Beauty Cosmetic Makeup For Women And Girls\2.PNG
lips,19,SHEGLAM Dynamatte Boom Long-Lasting Matte Lipstick (Ember Rose Ver.)-Passion Lip Combo Brand Beauty Cosmetic Makeup For Women And Girls,3.PNG,lips\19\SHEGLAM Dynamatte Boom Long-Lasting Matte Lipstick (Ember Rose Ver.)-Passion Lip Combo Brand Beauty Cosmetic Makeup For Women And Girls\3.PNG
lips,25,Corpse Bride  SHEGLAM Everlasting Love Liquid Lipstick-Emily Lip Combo Brand Beauty Cosmetic Makeup For Women And Girls,1.PNG,lips\25\Corpse Bride  SHEGLAM Everlasting Love Liquid Lipstick-Emily Lip Combo Brand Beauty Cosmetic Makeup For Women And Girls\1.PNG
lips,25,Corpse Bride  SHEGLAM Everlasting Love Liquid Lipstick-Emily Lip Combo Brand Beauty Cosmetic Makeup For Women And Girls,2.PNG,lips\25\Corpse Bride  SHEGLAM Everlasting Love Liquid Lipstick-Emily Lip Combo Brand Beauty Cosmetic Makeup For Women And Girls\2.PNG
lips,25,Corpse Bride  SHEGLAM Everlasting Love Liquid Lipstick-Emily Lip Combo Brand Beauty Cosmetic Makeup For Women And Girls,3.PNG,lips\25\Corpse Bride  SHEGLAM Everlasting Love Liquid Lipstick-Emily Lip Combo Brand Beauty Cosmetic Makeup For Women And Girls\3.PNG
lips,38,SHEGLAM Glaze Daze Lip Gloss-Apple Spice Lip Combo Brand Beauty Cosmetic Makeup For Women And Girls,1.jpeg,lips\38\SHEGLAM Glaze Daze Lip Gloss-Apple Spice Lip Combo Brand Beauty Cosmetic Makeup For Women And Girls\1.jpeg
lips,38,SHEGLAM Glaze Daze Lip Gloss-Apple Spice Lip Combo Brand Beauty Cosmetic Makeup For Women And Girls,2.PNG,lips\38\SHEGLAM Glaze Daze Lip Gloss-Apple Spice Lip Combo Brand Beauty Cosmetic Makeup For Women And Girls\2.PNG
lips,38,SHEGLAM Glaze Daze Lip Gloss-Apple Spice Lip Combo Brand Beauty Cosmetic Makeup For Women And Girls,3.PNG,lips\38\SHEGLAM Glaze Daze Lip Gloss-Apple Spice Lip Combo Brand Beauty Cosmetic Makeup For Women And Girls\3.PNG
lips,38,SHEGLAM Glaze Daze Lip Gloss-Jammy Lip Combo Brand Beauty Cosmetic Makeup For Women And Girls,1.jpeg,lips\38\SHEGLAM Glaze Daze Lip Gloss-Jammy Lip Combo Brand Beauty Cosmetic Makeup For Women And Girls\1.jpeg
lips,38,SHEGLAM Glaze Daze Lip Gloss-Jammy Lip Combo Brand Beauty Cosmetic Makeup For Women And Girls,2.PNG,lips\38\SHEGLAM Glaze Daze Lip Gloss-Jammy Lip Combo Brand Beauty Cosmetic Makeup For Women And Girls\2.PNG
lips,38,SHEGLAM Glaze Daze Lip Gloss-Jammy Lip Combo Brand Beauty Cosmetic Makeup For Women And Girls,3.PNG,lips\38\SHEGLAM Glaze Daze Lip Gloss-Jammy Lip Combo Brand Beauty Cosmetic Makeup For Women And Girls\3.PNG
lips,39,Harley Quinn X SHEGLAM Harley Quinn X Villainous Misfits Lip Jam Set Lip Combo Brand Beauty Cosmetic Makeup For Women And Girls,1.PNG,lips\39\Harley Quinn X SHEGLAM Harley Quinn X Villainous Misfits Lip Jam Set Lip Combo Brand Beauty Cosmetic Makeup For Women And Girls\1.PNG
lips,39,Harley Quinn X SHEGLAM Harley Quinn X Villainous Misfits Lip Jam Set Lip Combo Brand Beauty Cosmetic Makeup For Women And Girls,2.PNG,lips\39\Harley Quinn X SHEGLAM Harley Quinn X Villainous Misfits Lip Jam Set Lip Combo Brand Beauty Cosmetic Makeup For Women And Girls\2.PNG
lips,39,Harley Quinn X SHEGLAM Harley Quinn X Villainous Misfits Lip Jam Set Lip Combo Brand Beauty Cosmetic Makeup For Women And Girls,3.PNG,lips\39\Harley Quinn X SHEGLAM Harley Quinn X Villainous Misfits Lip Jam Set Lip Combo Brand Beauty Cosmetic Makeup For Women And Girls\3.PNG
lips,39,Harley Quinn X SHEGLAM Harley Quinn X Villainous Misfits Lip Jam Set Lip Combo Brand Beauty Cosmetic Makeup For Women And Girls,4.PNG,lips\39\Harley Quinn X SHEGLAM Harley Quinn X Villainous Misfits Lip Jam Set Lip Combo Brand Beauty Cosmetic Makeup For Women And Girls\4.PNG
lips,39,Harley Quinn X SHEGLAM Harley Quinn X Villainous Misfits Lip Jam Set Lip Combo Brand Beauty Cosmetic Makeup For Women And Girls,5.PNG,lips\39\Harley Quinn X SHEGLAM Harley Quinn X Villainous Misfits Lip Jam Set Lip Combo Brand Beauty Cosmetic Makeup For Women And Girls\5.PNG
lips,40,The Matrix Resurrections  SHEGLAM Slowmo Lip Gloss-Phase Shift Lip Combo Brand Beauty Cosmetic Makeup For Women And Girls,1.PNG,lips\40\The Matrix Resurrections  SHEGLAM Slowmo Lip Gloss-Phase Shift Lip Combo Brand Beauty Cosmetic Makeup For Women And Girls\1.PNG
lips,40,The Matrix Resurrections  SHEGLAM Slowmo Lip Gloss-Phase Shift Lip Combo Brand Beauty Cosmetic Makeup For Women And Girls,2.PNG,lips\40\The Matrix Resurrections  SHEGLAM Slowmo Lip Gloss-Phase Shift Lip Combo Brand Beauty Cosmetic Makeup For Women And Girls\2.PNG
lips,40,The Matrix Resurrections  SHEGLAM Slowmo Lip Gloss-Phase Shift Lip Combo Brand Beauty Cosmetic Makeup For Women And Girls,3.PNG,lips\40\The Matrix Resurrections  SHEGLAM Slowmo Lip Gloss-Phase Shift Lip Combo Brand Beauty Cosmetic Makeup For Women And Girls\3.PNG
lips,40,The Matrix Resurrections  SHEGLAM Slowmo Lip Gloss-Super Speed Lip Combo Brand Beauty Cosmetic Makeup For Women And Girls,1.PNG,lips\40\The Matrix Resurrections  SHEGLAM Slowmo Lip Gloss-Super Speed Lip Combo Brand Beauty Cosmetic Makeup For Women And Girls\1.PNG
lips,40,The Matrix Resurrections  SHEGLAM Slowmo Lip Gloss-Super Speed Lip Combo Brand Beauty Cosmetic Makeup For Women And Girls,2.PNG,lips\40\The Matrix Resurrections  SHEGLAM Slowmo Lip Gloss-Super Speed Lip Combo Brand Beauty Cosmetic Makeup For Women And Girls\2.PNG
lips,40,The Matrix Resurrections  SHEGLAM Slowmo Lip Gloss-Super Speed Lip Combo Brand Beauty Cosmetic Makeup For Women And Girls,3.PNG,lips\40\The Matrix Resurrections  SHEGLAM Slowmo Lip Gloss-Super Speed Lip Combo Brand Beauty Cosmetic Makeup For Women And Girls\3.PNG
lips,40,The Matrix Resurrections  SHEGLAM Slowmo Lip Gloss-Telekinesis Lip Combo Brand Beauty Cosmetic Makeup For Women And Girls,1.PNG,lips\40\The Matrix Resurrections  SHEGLAM Slowmo Lip Gloss-Telekinesis Lip Combo Brand Beauty Cosmetic Makeup For Women And Girls\1.PNG
lips,40,The Matrix Resurrections  SHEGLAM Slowmo Lip Gloss-Telekinesis Lip Combo Brand Beauty Cosmetic Makeup For Women And Girls,2.PNG,lips\40\The Matrix Resurrections  SHEGLAM Slowmo Lip Gloss-Telekinesis Lip Combo Brand Beauty Cosmetic Makeup For Women And Girls\2.PNG
lips,40,The Matrix Resurrections  SHEGLAM Slowmo Lip Gloss-Telekinesis Lip Combo Brand Beauty Cosmetic Makeup For Women And Girls,3.PNG,lips\40\The Matrix Resurrections  SHEGLAM Slowmo Lip Gloss-Telekinesis Lip Combo Brand Beauty Cosmetic Makeup For Women And Girls\3.PNG
lips,41,Harry Potter™ X SHEGLAM Magic Elixir Lip Gloss-Amortentia™ Lip Combo Brand Beauty Cosmetic Makeup For Women And Girls,1.PNG,lips\41\Harry Potter™ X SHEGLAM Magic Elixir Lip Gloss-Amortentia™ Lip Combo Brand Beauty Cosmetic Makeup For Women And Girls\1.PNG
lips,41,Harry Potter™ X SHEGLAM Magic Elixir Lip Gloss-Amortentia™ Lip Combo Brand Beauty Cosmetic Makeup For Women And Girls,2.PNG,lips\41\Harry Potter™ X SHEGLAM Magic Elixir Lip Gloss-Amortentia™ Lip Combo Brand Beauty Cosmetic Makeup For Women And Girls\2.PNG
lips,41,Harry Potter™ X SHEGLAM Magic Elixir Lip Gloss-Amortentia™ Lip Combo Brand Beauty Cosmetic Makeup For Women And Girls,3.PNG,lips\41\Harry Potter™ X SHEGLAM Magic Elixir Lip Gloss-Amortentia™ Lip Combo Brand Beauty Cosmetic Makeup For Women And Girls\3.PNG
lips,41,Harry Potter™ X SHEGLAM Magic Elixir Lip Gloss-Draught Of Living Death™ Lip Combo Brand Beauty Cosmetic Makeup For Women And Girls,1.PNG,lips\41\Harry Potter™ X SHEGLAM Magic Elixir Lip Gloss-Draught Of Living Death™ Lip Combo Brand Beauty Cosmetic Makeup For Women And Girls\1.PNG
lips,41,Harry Potter™ X SHEGLAM Magic Elixir Lip Gloss-Draught Of Living Death™ Lip Combo Brand Beauty Cosmetic Makeup For Women And Girls,2.PNG,lips\41\Harry Potter™ X SHEGLAM Magic Elixir Lip Gloss-Draught Of Living Death™ Lip Combo Brand Beauty Cosmetic Makeup For Women And Girls\2.PNG
lips,41,Harry Potter™ X SHEGLAM Magic Elixir Lip Gloss-Draught Of Living Death™ Lip Combo Brand Beauty Cosmetic Makeup For Women And Girls,3.PNG,lips\41\Harry Potter™ X SHEGLAM Magic Elixir Lip Gloss-Draught Of Living Death™ Lip Combo Brand Beauty Cosmetic Makeup For Women And Girls\3.PNG
lips,41,Harry Potter™ X SHEGLAM Magic Elixir Lip Gloss-Felix Felicis™ Lip Combo Brand Beauty Cosmetic Makeup For Women And Girls,1.PNG,lips\41\Harry Potter™ X SHEGLAM Magic Elixir Lip Gloss-Felix Felicis™ Lip Combo Brand Beauty Cosmetic Makeup For Women And Girls\1.PNG
lips,41,Harry Potter™ X SHEGLAM Magic Elixir Lip Gloss-Felix Felicis™ Lip Combo Brand Beauty Cosmetic Makeup For Women And Girls,2.PNG,lips\41\Harry Potter™ X SHEGLAM Magic Elixir Lip Gloss-Felix Felicis™ Lip Combo Brand Beauty Cosmetic Makeup For Women And Girls\2.PNG
lips,41,Harry Potter™ X SHEGLAM Magic Elixir Lip Gloss-Felix Felicis™ Lip Combo Brand Beauty Cosmetic Makeup For Women And Girls,3.PNG,lips\41\Harry Potter™ X SHEGLAM Magic Elixir Lip Gloss-Felix Felicis™ Lip Combo Brand Beauty Cosmetic Makeup For Women And Girls\3.PNG
lips,41,Harry Potter™ X SHEGLAM Magic Elixir Lip Gloss-Polyjuice Potion™ Lip Combo Brand Beauty Cosmetic Makeup For Women And Girls,1.PNG,lips\41\Harry Potter™ X SHEGLAM Magic Elixir Lip Gloss-Polyjuice Potion™ Lip Combo Brand Beauty Cosmetic Makeup For Women And Girls\1.PNG
lips,41,Harry Potter™ X SHEGLAM Magic Elixir Lip Gloss-Polyjuice Potion™ Lip Combo Brand Beauty Cosmetic Makeup For Women And Girls,2.PNG,lips\41\Harry Potter™ X SHEGLAM Magic Elixir Lip Gloss-Polyjuice Potion™ Lip Combo Brand Beauty Cosmetic Makeup For Women And Girls\2.PNG
lips,41,Harry Potter™ X SHEGLAM Magic Elixir Lip Gloss-Polyjuice Potion™ Lip Combo Brand Beauty Cosmetic Makeup For Women And Girls,3.PNG,lips\41\Harry Potter™ X SHEGLAM Magic Elixir Lip Gloss-Polyjuice Potion™ Lip Combo Brand Beauty Cosmetic Makeup For Women And Girls\3.PNG
lips,46,Willy wonka  SHEGLAM Cocoa Kiss Lip Duo-Hot Fudge Lip Combo Brand Beauty Cosmetic Makeup For Women And Girls,1.PNG,lips\46\Willy wonka  SHEGLAM Cocoa Kiss Lip Duo-Hot Fudge Lip Combo Brand Beauty Cosmetic Makeup For Women And Girls\1.PNG
lips,46,Willy wonka  SHEGLAM Cocoa Kiss Lip Duo-Hot Fudge Lip Combo Brand Beauty Cosmetic Makeup For Women And Girls,2.PNG,lips\46\Willy wonka  SHEGLAM Cocoa Kiss Lip Duo-Hot Fudge Lip Combo Brand Beauty Cosmetic Makeup For Women And Girls\2.PNG
lips,46,Willy wonka  SHEGLAM Cocoa Kiss Lip Duo-Hot Fudge Lip Combo Brand Beauty Cosmetic Makeup For Women And Girls,3.PNG,lips\46\Willy wonka  SHEGLAM Cocoa Kiss Lip Duo-Hot Fudge Lip Combo Brand Beauty Cosmetic Makeup For Women And Girls\3.PNG
lips,47,HELLO KITTY SHEGLAM BE MY BABY HYDRATING LIP STICK JUST A CRUSH LIP COMBO BRAND BEAUTY COSMETICK MAKEUP FOR WOMEN AND GIRLS,1.jpeg,lips\47\HELLO KITTY SHEGLAM BE MY BABY HYDRATING LIP STICK JUST A CRUSH LIP COMBO BRAND BEAUTY COSMETICK MAKEUP FOR WOMEN AND GIRLS\1.jpeg
lips,47,HELLO KITTY SHEGLAM BE MY BABY HYDRATING LIP STICK JUST A CRUSH LIP COMBO BRAND BEAUTY COSMETICK MAKEUP FOR WOMEN AND GIRLS,2.PNG,lips\47\HELLO KITTY SHEGLAM BE MY BABY HYDRATING LIP STICK JUST A CRUSH LIP COMBO BRAND BEAUTY COSMETICK MAKEUP FOR WOMEN AND GIRLS\2.PNG
lips,47,HELLO KITTY SHEGLAM BE MY BABY HYDRATING LIP STICK JUST A CRUSH LIP COMBO BRAND BEAUTY COSMETICK MAKEUP FOR WOMEN AND GIRLS,3.PNG,lips\47\HELLO KITTY SHEGLAM BE MY BABY HYDRATING LIP STICK JUST A CRUSH LIP COMBO BRAND BEAUTY COSMETICK MAKEUP FOR WOMEN AND GIRLS\3.PNG
lips,47,HELLO KITTY SHEGLAM BE MY BABY HYDRATING LIP STICK JUST A CRUSH LIP COMBO BRAND BEAUTY COSMETICK MAKEUP FOR WOMEN AND GIRLS,4.PNG,lips\47\HELLO KITTY SHEGLAM BE MY BABY HYDRATING LIP STICK JUST A CRUSH LIP COMBO BRAND BEAUTY COSMETICK MAKEUP FOR WOMEN AND GIRLS\4.PNG
lips,47,HELLO KITTY SHEGLAM BE MY BABY HYDRATING LIP STICK LOVE LETTER LIP COMBO BRAND BEAUTY COSMETICK MAKEUP FOR WOMEN AND GIRLS,1.jpeg,lips\47\HELLO KITTY SHEGLAM BE MY BABY HYDRATING LIP STICK LOVE LETTER LIP COMBO BRAND BEAUTY COSMETICK MAKEUP FOR WOMEN AND GIRLS\1.jpeg
lips,47,HELLO KITTY SHEGLAM BE MY BABY HYDRATING LIP STICK LOVE LETTER LIP COMBO BRAND BEAUTY COSMETICK MAKEUP FOR WOMEN AND GIRLS,2.PNG,lips\47\HELLO KITTY SHEGLAM BE MY BABY HYDRATING LIP STICK LOVE LETTER LIP COMBO BRAND BEAUTY COSMETICK MAKEUP FOR WOMEN AND GIRLS\2.PNG
lips,47,HELLO KITTY SHEGLAM BE MY BABY HYDRATING LIP STICK LOVE LETTER LIP COMBO BRAND BEAUTY COSMETICK MAKEUP FOR WOMEN AND GIRLS,3.PNG,lips\47\HELLO KITTY SHEGLAM BE MY BABY HYDRATING LIP STICK LOVE LETTER LIP COMBO BRAND BEAUTY COSMETICK MAKEUP FOR WOMEN AND GIRLS\3.PNG
lips,47,HELLO KITTY SHEGLAM BE MY BABY HYDRATING LIP STICK LOVE LETTER LIP COMBO BRAND BEAUTY COSMETICK MAKEUP FOR WOMEN AND GIRLS,4.PNG,lips\47\HELLO KITTY SHEGLAM BE MY BABY HYDRATING LIP STICK LOVE LETTER LIP COMBO BRAND BEAUTY COSMETICK MAKEUP FOR WOMEN AND GIRLS\4.PNG
lips,47,HELLO KITTY SHEGLAM BE MY BABY HYDRATING LIP STICK SMITTEN KITTEN LIP COMBO BRAND BEAUTY COSMETICK MAKEUP FOR WOMEN AND GIRLS,1.jpeg,lips\47\HELLO KITTY SHEGLAM BE MY BABY HYDRATING LIP STICK SMITTEN KITTEN LIP COMBO BRAND BEAUTY COSMETICK MAKEUP FOR WOMEN AND GIRLS\1.jpeg
lips,47,HELLO KITTY SHEGLAM BE MY BABY HYDRATING LIP STICK SMITTEN KITTEN LIP COMBO BRAND BEAUTY COSMETICK MAKEUP FOR WOMEN AND GIRLS,2.PNG,lips\47\HELLO KITTY SHEGLAM BE MY BABY HYDRATING LIP STICK SMITTEN KITTEN LIP COMBO BRAND BEAUTY COSMETICK MAKEUP FOR WOMEN AND GIRLS\2.PNG
lips,47,HELLO KITTY SHEGLAM BE MY BABY HYDRATING LIP STICK SMITTEN KITTEN LIP COMBO BRAND BEAUTY COSMETICK MAKEUP FOR WOMEN AND GIRLS,3.PNG,lips\47\HELLO KITTY SHEGLAM BE MY BABY HYDRATING LIP STICK SMITTEN KITTEN LIP COMBO BRAND BEAUTY COSMETICK MAKEUP FOR WOMEN AND GIRLS\3.PNG
lips,47,HELLO KITTY SHEGLAM BE MY BABY HYDRATING LIP STICK SMITTEN KITTEN LIP COMBO BRAND BEAUTY COSMETICK MAKEUP FOR WOMEN AND GIRLS,4.PNG,lips\47\HELLO KITTY SHEGLAM BE MY BABY HYDRATING LIP STICK SMITTEN KITTEN LIP COMBO BRAND BEAUTY COSMETICK MAKEUP FOR WOMEN AND GIRLS\4.PNG
lips,52,SHEGLAM Nourishing Lip Balm-Pink Brand Beauty Cosmetic Makeup For Women And Girls,1.PNG,lips\52\SHEGLAM Nourishing Lip Balm-Pink Brand Beauty Cosmetic Makeup For Women And Girls\1.PNG
lips,52,SHEGLAM Nourishing Lip Balm-Pink Brand Beauty Cosmetic Makeup For Women And Girls,2.PNG,lips\52\SHEGLAM Nourishing Lip Balm-Pink Brand Beauty Cosmetic Makeup For Women And Girls\2.PNG
lips,53,SHEGLAM True Stain Liquid Lip Liner-112 Plum Sauce Lip Pencil Lipstick To Define Lips Smooth Matte Tint Long Lasting Transfer Proof Smudge Proof High Pigment 2-In-1 Combo Multi-Use,1.PNG,lips\53\SHEGLAM True Stain Liquid Lip Liner-112 Plum Sauce Lip Pencil Lipstick To Define Lips Smooth Matte Tint Long Lasting Transfer Proof Smudge Proof High Pigment 2-In-1 Combo Multi-Use\1.PNG
lips,53,SHEGLAM True Stain Liquid Lip Liner-112 Plum Sauce Lip Pencil Lipstick To Define Lips Smooth Matte Tint Long Lasting Transfer Proof Smudge Proof High Pigment 2-In-1 Combo Multi-Use,2.PNG,lips\53\SHEGLAM True Stain Liquid Lip Liner-112 Plum Sauce Lip Pencil Lipstick To Define Lips Smooth Matte Tint Long Lasting Transfer Proof Smudge Proof High Pigment 2-In-1 Combo Multi-Use\2.PNG
lips,53,SHEGLAM True Stain Liquid Lip Liner-112 Plum Sauce Lip Pencil Lipstick To Define Lips Smooth Matte Tint Long Lasting Transfer Proof Smudge Proof High Pigment 2-In-1 Combo Multi-Use,3.PNG,lips\53\SHEGLAM True Stain Liquid Lip Liner-112 Plum Sauce Lip Pencil Lipstick To Define Lips Smooth Matte Tint Long Lasting Transfer Proof Smudge Proof High Pigment 2-In-1 Combo Multi-Use\3.PNG
lips,53,"SHEGLAM True Stain Liquid Lip Liner-505 But First,Coffee Long Lasting Lipstick Smooth Matte Tint Brand Beauty Cosmetic Makeup For Women And Girls",1.PNG,"lips\53\SHEGLAM True Stain Liquid Lip Liner-505 But First,Coffee Long Lasting Lipstick Smooth Matte Tint Brand Beauty Cosmetic Makeup For Women And Girls\1.PNG"
lips,53,"SHEGLAM True Stain Liquid Lip Liner-505 But First,Coffee Long Lasting Lipstick Smooth Matte Tint Brand Beauty Cosmetic Makeup For Women And Girls",2.PNG,"lips\53\SHEGLAM True Stain Liquid Lip Liner-505 But First,Coffee Long Lasting Lipstick Smooth Matte Tint Brand Beauty Cosmetic Makeup For Women And Girls\2.PNG"
lips,53,"SHEGLAM True Stain Liquid Lip Liner-505 But First,Coffee Long Lasting Lipstick Smooth Matte Tint Brand Beauty Cosmetic Makeup For Women And Girls",3.PNG,"lips\53\SHEGLAM True Stain Liquid Lip Liner-505 But First,Coffee Long Lasting Lipstick Smooth Matte Tint Brand Beauty Cosmetic Makeup For Women And Girls\3.PNG"
lips,54,SHEGLAM Sweet Dreamz Lip Sleeping Mask-Caramel Brand Beauty Cosmetic Makeup For Women And Girls,1.PNG,lips\54\SHEGLAM Sweet Dreamz Lip Sleeping Mask-Caramel Brand Beauty Cosmetic Makeup For Women And Girls\1.PNG
lips,54,SHEGLAM Sweet Dreamz Lip Sleeping Mask-Caramel Brand Beauty Cosmetic Makeup For Women And Girls,2.PNG,lips\54\SHEGLAM Sweet Dreamz Lip Sleeping Mask-Caramel Brand Beauty Cosmetic Makeup For Women And Girls\2.PNG
lips,54,SHEGLAM Sweet Dreamz Lip Sleeping Mask-Caramel Brand Beauty Cosmetic Makeup For Women And Girls,3.PNG,lips\54\SHEGLAM Sweet Dreamz Lip Sleeping Mask-Caramel Brand Beauty Cosmetic Makeup For Women And Girls\3.PNG
lips,55,SHEGLAM Jelly Wow Hydrating Lip Oil-Berry Involved Lip Combo Brand Beauty Cosmetic Makeup For Women And Girls,1.PNG,lips\55\SHEGLAM Jelly Wow Hydrating Lip Oil-Berry Involved Lip Combo Brand Beauty Cosmetic Makeup For Women And Girls\1.PNG
lips,55,SHEGLAM Jelly Wow Hydrating Lip Oil-Berry Involved Lip Combo Brand Beauty Cosmetic Makeup For Women And Girls,2.PNG,lips\55\SHEGLAM Jelly Wow Hydrating Lip Oil-Berry Involved Lip Combo Brand Beauty Cosmetic Makeup For Women And Girls\2.PNG
lips,55,SHEGLAM Jelly Wow Hydrating Lip Oil-Berry Involved Lip Combo Brand Beauty Cosmetic Makeup For Women And Girls,3.PNG,lips\55\SHEGLAM Jelly Wow Hydrating Lip Oil-Berry Involved Lip Combo Brand Beauty Cosmetic Makeup For Women And Girls\3.PNG
lips,55,SHEGLAM Jelly Wow Hydrating Lip Oil-Pinkies Up Lip Combo Brand Beauty Cosmetic Makeup For Women And Girls,1.PNG,lips\55\SHEGLAM Jelly Wow Hydrating Lip Oil-Pinkies Up Lip Combo Brand Beauty Cosmetic Makeup For Women And Girls\1.PNG
lips,55,SHEGLAM Jelly Wow Hydrating Lip Oil-Pinkies Up Lip Combo Brand Beauty Cosmetic Makeup For Women And Girls,2.PNG,lips\55\SHEGLAM Jelly Wow Hydrating Lip Oil-Pinkies Up Lip Combo Brand Beauty Cosmetic Makeup For Women And Girls\2.PNG
lips,55,SHEGLAM Jelly Wow Hydrating Lip Oil-Pinkies Up Lip Combo Brand Beauty Cosmetic Makeup For Women And Girls,3.PNG,lips\55\SHEGLAM Jelly Wow Hydrating Lip Oil-Pinkies Up Lip Combo Brand Beauty Cosmetic Makeup For Women And Girls\3.PNG
lips,56,SHEGLAM Fall In Line Peel Off Lip Liner Stain-Brownie Points Henna Lip Combo Brand Beauty Cosmetic Makeup For Women And Girls,1.jpeg,lips\56\SHEGLAM Fall In Line Peel Off Lip Liner Stain-Brownie Points Henna Lip Combo Brand Beauty Cosmetic Makeup For Women And Girls\1.jpeg
lips,56,SHEGLAM Fall In Line Peel Off Lip Liner Stain-Brownie Points Henna Lip Combo Brand Beauty Cosmetic Makeup For Women And Girls,2.PNG,lips\56\SHEGLAM Fall In Line Peel Off Lip Liner Stain-Brownie Points Henna Lip Combo Brand Beauty Cosmetic Makeup For Women And Girls\2.PNG
lips,56,SHEGLAM Fall In Line Peel Off Lip Liner Stain-Brownie Points Henna Lip Combo Brand Beauty Cosmetic Makeup For Women And Girls,3.PNG,lips\56\SHEGLAM Fall In Line Peel Off Lip Liner Stain-Brownie Points Henna Lip Combo Brand Beauty Cosmetic Makeup For Women And Girls\3.PNG
lips,56,SHEGLAM Fall In Line Peel Off Lip Liner Stain-Brownie Points Henna Lip Combo Brand Beauty Cosmetic Makeup For Women And Girls,4.PNG,lips\56\SHEGLAM Fall In Line Peel Off Lip Liner Stain-Brownie Points Henna Lip Combo Brand Beauty Cosmetic Makeup For Women And Girls\4.PNG
lips,56,SHEGLAM Fall In Line Peel Off Lip Liner Stain-Pinky Promise Henna Lip Combo Brand Beauty Cosmetic Makeup For Women And Girls,1.jpeg,lips\56\SHEGLAM Fall In Line Peel Off Lip Liner Stain-Pinky Promise Henna Lip Combo Brand Beauty Cosmetic Makeup For Women And Girls\1.jpeg
lips,56,SHEGLAM Fall In Line Peel Off Lip Liner Stain-Pinky Promise Henna Lip Combo Brand Beauty Cosmetic Makeup For Women And Girls,2.PNG,lips\56\SHEGLAM Fall In Line Peel Off Lip Liner Stain-Pinky Promise Henna Lip Combo Brand Beauty Cosmetic Makeup For Women And Girls\2.PNG
lips,56,SHEGLAM Fall In Line Peel Off Lip Liner Stain-Pinky Promise Henna Lip Combo Brand Beauty Cosmetic Makeup For Women And Girls,3.PNG,lips\56\SHEGLAM Fall In Line Peel Off Lip Liner Stain-Pinky Promise Henna Lip Combo Brand Beauty Cosmetic Makeup For Women And Girls\3.PNG
lips,56,SHEGLAM Fall In Line Peel Off Lip Liner Stain-Pinky Promise Henna Lip Combo Brand Beauty Cosmetic Makeup For Women And Girls,4.PNG,lips\56\SHEGLAM Fall In Line Peel Off Lip Liner Stain-Pinky Promise Henna Lip Combo Brand Beauty Cosmetic Makeup For Women And Girls\4.PNG
lips,57,SHEGLAM Dynamatte Boom Long-Lasting Matte Lipstick-Bold Type Lip Combo Brand Beauty Cosmetic Makeup For Women And Girls,1.jpeg,lips\57\SHEGLAM Dynamatte Boom Long-Lasting Matte Lipstick-Bold Type Lip Combo Brand Beauty Cosmetic Makeup For Women And Girls\1.jpeg
lips,57,SHEGLAM Dynamatte Boom Long-Lasting Matte Lipstick-Bold Type Lip Combo Brand Beauty Cosmetic Makeup For Women And Girls,2.PNG,lips\57\SHEGLAM Dynamatte Boom Long-Lasting Matte Lipstick-Bold Type Lip Combo Brand Beauty Cosmetic Makeup For Women And Girls\2.PNG
lips,57,SHEGLAM Dynamatte Boom Long-Lasting Matte Lipstick-Bold Type Lip Combo Brand Beauty Cosmetic Makeup For Women And Girls,3.PNG,lips\57\SHEGLAM Dynamatte Boom Long-Lasting Matte Lipstick-Bold Type Lip Combo Brand Beauty Cosmetic Makeup For Women And Girls\3.PNG
lips,57,SHEGLAM Dynamatte Boom Long-Lasting Matte Lipstick-Encore Energy Lip Combo Brand Beauty Cosmetic Makeup For Women And Girls,1.PNG,lips\57\SHEGLAM Dynamatte Boom Long-Lasting Matte Lipstick-Encore Energy Lip Combo Brand Beauty Cosmetic Makeup For Women And Girls\1.PNG
lips,57,SHEGLAM Dynamatte Boom Long-Lasting Matte Lipstick-Encore Energy Lip Combo Brand Beauty Cosmetic Makeup For Women And Girls,2.PNG,lips\57\SHEGLAM Dynamatte Boom Long-Lasting Matte Lipstick-Encore Energy Lip Combo Brand Beauty Cosmetic Makeup For Women And Girls\2.PNG
lips,57,SHEGLAM Dynamatte Boom Long-Lasting Matte Lipstick-Encore Energy Lip Combo Brand Beauty Cosmetic Makeup For Women And Girls,3.PNG,lips\57\SHEGLAM Dynamatte Boom Long-Lasting Matte Lipstick-Encore Energy Lip Combo Brand Beauty Cosmetic Makeup For Women And Girls\3.PNG
lips,57,SHEGLAM Dynamatte Boom Long-Lasting Matte Lipstick-Gotcha Lip Combo Brand Beauty Cosmetic Makeup For Women And Girls,1.jpeg,lips\57\SHEGLAM Dynamatte Boom Long-Lasting Matte Lipstick-Gotcha Lip Combo Brand Beauty Cosmetic Makeup For Women And Girls\1.jpeg
lips,57,SHEGLAM Dynamatte Boom Long-Lasting Matte Lipstick-Gotcha Lip Combo Brand Beauty Cosmetic Makeup For Women And Girls,2.PNG,lips\57\SHEGLAM Dynamatte Boom Long-Lasting Matte Lipstick-Gotcha Lip Combo Brand Beauty Cosmetic Makeup For Women And Girls\2.PNG
lips,57,SHEGLAM Dynamatte Boom Long-Lasting Matte Lipstick-Gotcha Lip Combo Brand Beauty Cosmetic Makeup For Women And Girls,3.PNG,lips\57\SHEGLAM Dynamatte Boom Long-Lasting Matte Lipstick-Gotcha Lip Combo Brand Beauty Cosmetic Makeup For Women And Girls\3.PNG
lips,57,SHEGLAM Dynamatte Boom Long-Lasting Matte Lipstick-High Key Lip Combo Brand Beauty Cosmetic Makeup For Women And Girls,1.jpeg,lips\57\SHEGLAM Dynamatte Boom Long-Lasting Matte Lipstick-High Key Lip Combo Brand Beauty Cosmetic Makeup For Women And Girls\1.jpeg
lips,57,SHEGLAM Dynamatte Boom Long-Lasting Matte Lipstick-High Key Lip Combo Brand Beauty Cosmetic Makeup For Women And Girls,2.PNG,lips\57\SHEGLAM Dynamatte Boom Long-Lasting Matte Lipstick-High Key Lip Combo Brand Beauty Cosmetic Makeup For Women And Girls\2.PNG
lips,57,SHEGLAM Dynamatte Boom Long-Lasting Matte Lipstick-High Key Lip Combo Brand Beauty Cosmetic Makeup For Women And Girls,3.PNG,lips\57\SHEGLAM Dynamatte Boom Long-Lasting Matte Lipstick-High Key Lip Combo Brand Beauty Cosmetic Makeup For Women And Girls\3.PNG
lips,57,SHEGLAM Dynamatte Boom Long-Lasting Matte Lipstick-Stronger Than Ever Lip Combo Brand Beauty Cosmetic Makeup For Women And Girls,1.jpeg,lips\57\SHEGLAM Dynamatte Boom Long-Lasting Matte Lipstick-Stronger Than Ever Lip Combo Brand Beauty Cosmetic Makeup For Women And Girls\1.jpeg
lips,57,SHEGLAM Dynamatte Boom Long-Lasting Matte Lipstick-Stronger Than Ever Lip Combo Brand Beauty Cosmetic Makeup For Women And Girls,2.PNG,lips\57\SHEGLAM Dynamatte Boom Long-Lasting Matte Lipstick-Stronger Than Ever Lip Combo Brand Beauty Cosmetic Makeup For Women And Girls\2.PNG
lips,57,SHEGLAM Dynamatte Boom Long-Lasting Matte Lipstick-Stronger Than Ever Lip Combo Brand Beauty Cosmetic Makeup For Women And Girls,3.PNG,lips\57\SHEGLAM Dynamatte Boom Long-Lasting Matte Lipstick-Stronger Than Ever Lip Combo Brand Beauty Cosmetic Makeup For Women And Girls\3.PNG
lips,58,SHEGLAM Mirror Kiss High-Shine Lipstick-Bold Type Lip Combo Brand Beauty Cosmetic Makeup For Women And Girls,1.jpeg,lips\58\SHEGLAM Mirror Kiss High-Shine Lipstick-Bold Type Lip Combo Brand Beauty Cosmetic Makeup For Women And Girls\1.jpeg
lips,58,SHEGLAM Mirror Kiss High-Shine Lipstick-Bold Type Lip Combo Brand Beauty Cosmetic Makeup For Women And Girls,2.PNG,lips\58\SHEGLAM Mirror Kiss High-Shine Lipstick-Bold Type Lip Combo Brand Beauty Cosmetic Makeup For Women And Girls\2.PNG
lips,58,SHEGLAM Mirror Kiss High-Shine Lipstick-Bold Type Lip Combo Brand Beauty Cosmetic Makeup For Women And Girls,3.PNG,lips\58\SHEGLAM Mirror Kiss High-Shine Lipstick-Bold Type Lip Combo Brand Beauty Cosmetic Makeup For Women And Girls\3.PNG
lips,58,SHEGLAM Mirror Kiss High-Shine Lipstick-High Key Lip Combo Brand Beauty Cosmetic Makeup For Women And Girls,1.jpeg,lips\58\SHEGLAM Mirror Kiss High-Shine Lipstick-High Key Lip Combo Brand Beauty Cosmetic Makeup For Women And Girls\1.jpeg
lips,58,SHEGLAM Mirror Kiss High-Shine Lipstick-High Key Lip Combo Brand Beauty Cosmetic Makeup For Women And Girls,2.PNG,lips\58\SHEGLAM Mirror Kiss High-Shine Lipstick-High Key Lip Combo Brand Beauty Cosmetic Makeup For Women And Girls\2.PNG
lips,58,SHEGLAM Mirror Kiss High-Shine Lipstick-High Key Lip Combo Brand Beauty Cosmetic Makeup For Women And Girls,3.PNG,lips\58\SHEGLAM Mirror Kiss High-Shine Lipstick-High Key Lip Combo Brand Beauty Cosmetic Makeup For Women And Girls\3.PNG
lips,58,SHEGLAM Mirror Kiss High-Shine Lipstick-Plot Twist Lip Combo Brand Beauty Cosmetic Makeup For Women And Girls,1.jpeg,lips\58\SHEGLAM Mirror Kiss High-Shine Lipstick-Plot Twist Lip Combo Brand Beauty Cosmetic Makeup For Women And Girls\1.jpeg
lips,58,SHEGLAM Mirror Kiss High-Shine Lipstick-Plot Twist Lip Combo Brand Beauty Cosmetic Makeup For Women And Girls,2.PNG,lips\58\SHEGLAM Mirror Kiss High-Shine Lipstick-Plot Twist Lip Combo Brand Beauty Cosmetic Makeup For Women And Girls\2.PNG
lips,58,SHEGLAM Mirror Kiss High-Shine Lipstick-Plot Twist Lip Combo Brand Beauty Cosmetic Makeup For Women And Girls,3.PNG,lips\58\SHEGLAM Mirror Kiss High-Shine Lipstick-Plot Twist Lip Combo Brand Beauty Cosmetic Makeup For Women And Girls\3.PNG
lips,58,SHEGLAM Mirror Kiss High-Shine Lipstick-Rule Breaker Lip Combo Brand Beauty Cosmetic Makeup For Women And Girls,1.jpeg,lips\58\SHEGLAM Mirror Kiss High-Shine Lipstick-Rule Breaker Lip Combo Brand Beauty Cosmetic Makeup For Women And Girls\1.jpeg
lips,58,SHEGLAM Mirror Kiss High-Shine Lipstick-Rule Breaker Lip Combo Brand Beauty Cosmetic Makeup For Women And Girls,2.PNG,lips\58\SHEGLAM Mirror Kiss High-Shine Lipstick-Rule Breaker Lip Combo Brand Beauty Cosmetic Makeup For Women And Girls\2.PNG
lips,58,SHEGLAM Mirror Kiss High-Shine Lipstick-Rule Breaker Lip Combo Brand Beauty Cosmetic Makeup For Women And Girls,3.PNG,lips\58\SHEGLAM Mirror Kiss High-Shine Lipstick-Rule Breaker Lip Combo Brand Beauty Cosmetic Makeup For Women And Girls\3.PNG
lips,60,SHEGLAM Marshmallow Puff Lip Blur Pen-032 Soft Bounce Brand Beauty Cosmetic Makeup For Women And Girls,1.jpeg,lips\60\SHEGLAM Marshmallow Puff Lip Blur Pen-032 Soft Bounce Brand Beauty Cosmetic Makeup For Women And Girls\1.jpeg
lips,60,SHEGLAM Marshmallow Puff Lip Blur Pen-032 Soft Bounce Brand Beauty Cosmetic Makeup For Women And Girls,2.PNG,lips\60\SHEGLAM Marshmallow Puff Lip Blur Pen-032 Soft Bounce Brand Beauty Cosmetic Makeup For Women And Girls\2.PNG
lips,60,SHEGLAM Marshmallow Puff Lip Blur Pen-032 Soft Bounce Brand Beauty Cosmetic Makeup For Women And Girls,3.PNG,lips\60\SHEGLAM Marshmallow Puff Lip Blur Pen-032 Soft Bounce Brand Beauty Cosmetic Makeup For Women And Girls\3.PNG
lips,60,SHEGLAM Marshmallow Puff Lip Blur Pen-111 High Key Brand Beauty Cosmetic Makeup For Women And Girls,1.jpeg,lips\60\SHEGLAM Marshmallow Puff Lip Blur Pen-111 High Key Brand Beauty Cosmetic Makeup For Women And Girls\1.jpeg
lips,60,SHEGLAM Marshmallow Puff Lip Blur Pen-111 High Key Brand Beauty Cosmetic Makeup For Women And Girls,2.PNG,lips\60\SHEGLAM Marshmallow Puff Lip Blur Pen-111 High Key Brand Beauty Cosmetic Makeup For Women And Girls\2.PNG
lips,60,SHEGLAM Marshmallow Puff Lip Blur Pen-111 High Key Brand Beauty Cosmetic Makeup For Women And Girls,3.PNG,lips\60\SHEGLAM Marshmallow Puff Lip Blur Pen-111 High Key Brand Beauty Cosmetic Makeup For Women And Girls\3.PNG
lips,60,SHEGLAM Marshmallow Puff Lip Blur Pen-136 Blush Whip Brand Beauty Cosmetic Makeup For Women And Girls,1.jpeg,lips\60\SHEGLAM Marshmallow Puff Lip Blur Pen-136 Blush Whip Brand Beauty Cosmetic Makeup For Women And Girls\1.jpeg
lips,60,SHEGLAM Marshmallow Puff Lip Blur Pen-136 Blush Whip Brand Beauty Cosmetic Makeup For Women And Girls,2.PNG,lips\60\SHEGLAM Marshmallow Puff Lip Blur Pen-136 Blush Whip Brand Beauty Cosmetic Makeup For Women And Girls\2.PNG
lips,60,SHEGLAM Marshmallow Puff Lip Blur Pen-136 Blush Whip Brand Beauty Cosmetic Makeup For Women And Girls,3.PNG,lips\60\SHEGLAM Marshmallow Puff Lip Blur Pen-136 Blush Whip Brand Beauty Cosmetic Makeup For Women And Girls\3.PNG
lips,65,SHEGLAM Soft Haze Lip Blur-Little Things Lip Combo Brand Beauty Cosmetic Makeup For Women And Girls,1.jpeg,lips\65\SHEGLAM Soft Haze Lip Blur-Little Things Lip Combo Brand Beauty Cosmetic Makeup For Women And Girls\1.jpeg
lips,65,SHEGLAM Soft Haze Lip Blur-Little Things Lip Combo Brand Beauty Cosmetic Makeup For Women And Girls,2.PNG,lips\65\SHEGLAM Soft Haze Lip Blur-Little Things Lip Combo Brand Beauty Cosmetic Makeup For Women And Girls\2.PNG
lips,65,SHEGLAM Soft Haze Lip Blur-Little Things Lip Combo Brand Beauty Cosmetic Makeup For Women And Girls,3.PNG,lips\65\SHEGLAM Soft Haze Lip Blur-Little Things Lip Combo Brand Beauty Cosmetic Makeup For Women And Girls\3.PNG
lips,66,SHEGLAM Crystal Glaze Moisturizing Lip Care-Melon Pop Lip Combo Brand Beauty Cosmetic Makeup For Women And Girls,1.PNG,lips\66\SHEGLAM Crystal Glaze Moisturizing Lip Care-Melon Pop Lip Combo Brand Beauty Cosmetic Makeup For Women And Girls\1.PNG
lips,66,SHEGLAM Crystal Glaze Moisturizing Lip Care-Melon Pop Lip Combo Brand Beauty Cosmetic Makeup For Women And Girls,2.PNG,lips\66\SHEGLAM Crystal Glaze Moisturizing Lip Care-Melon Pop Lip Combo Brand Beauty Cosmetic Makeup For Women And Girls\2.PNG
lips,66,SHEGLAM Crystal Glaze Moisturizing Lip Care-Melon Pop Lip Combo Brand Beauty Cosmetic Makeup For Women And Girls,3.PNG,lips\66\SHEGLAM Crystal Glaze Moisturizing Lip Care-Melon Pop Lip Combo Brand Beauty Cosmetic Makeup For Women And Girls\3.PNG
lips,71,SHEGLAM Pout Phresh Color Changing Lipstick-Watermelon Lip Combo Brand Beauty Cosmetic Makeup For Women And Girls,1.PNG,lips\71\SHEGLAM Pout Phresh Color Changing Lipstick-Watermelon Lip Combo Brand Beauty Cosmetic Makeup For Women And Girls\1.PNG
lips,71,SHEGLAM Pout Phresh Color Changing Lipstick-Watermelon Lip Combo Brand Beauty Cosmetic Makeup For Women And Girls,2.PNG,lips\71\SHEGLAM Pout Phresh Color Changing Lipstick-Watermelon Lip Combo Brand Beauty Cosmetic Makeup For Women And Girls\2.PNG
lips,72,SHEGLAM Line To Shine Peel-Off Lip Stain & Gloss Duo-013 Peach Mousse 2-In-1 Long-Lasting Combo Liquid Lipstick Lip Liner Brand Beauty Cosmetic Makeup For Women And Girls,1.jpeg,lips\72\SHEGLAM Line To Shine Peel-Off Lip Stain & Gloss Duo-013 Peach Mousse 2-In-1 Long-Lasting Combo Liquid Lipstick Lip Liner Brand Beauty Cosmetic Makeup For Women And Girls\1.jpeg
lips,72,SHEGLAM Line To Shine Peel-Off Lip Stain & Gloss Duo-013 Peach Mousse 2-In-1 Long-Lasting Combo Liquid Lipstick Lip Liner Brand Beauty Cosmetic Makeup For Women And Girls,2.PNG,lips\72\SHEGLAM Line To Shine Peel-Off Lip Stain & Gloss Duo-013 Peach Mousse 2-In-1 Long-Lasting Combo Liquid Lipstick Lip Liner Brand Beauty Cosmetic Makeup For Women And Girls\2.PNG
lips,72,SHEGLAM Line To Shine Peel-Off Lip Stain & Gloss Duo-013 Peach Mousse 2-In-1 Long-Lasting Combo Liquid Lipstick Lip Liner Brand Beauty Cosmetic Makeup For Women And Girls,3.PNG,lips\72\SHEGLAM Line To Shine Peel-Off Lip Stain & Gloss Duo-013 Peach Mousse 2-In-1 Long-Lasting Combo Liquid Lipstick Lip Liner Brand Beauty Cosmetic Makeup For Women And Girls\3.PNG
lips,72,SHEGLAM Line To Shine Peel-Off Lip Stain & Gloss Duo-113 Rose Latte 2-In-1 Long-Lasting Combo Liquid Lipstick Lip Liner Brand Beauty Cosmetic Makeup For Women And Girls,1.jpeg,lips\72\SHEGLAM Line To Shine Peel-Off Lip Stain & Gloss Duo-113 Rose Latte 2-In-1 Long-Lasting Combo Liquid Lipstick Lip Liner Brand Beauty Cosmetic Makeup For Women And Girls\1.jpeg
lips,72,SHEGLAM Line To Shine Peel-Off Lip Stain & Gloss Duo-113 Rose Latte 2-In-1 Long-Lasting Combo Liquid Lipstick Lip Liner Brand Beauty Cosmetic Makeup For Women And Girls,2.PNG,lips\72\SHEGLAM Line To Shine Peel-Off Lip Stain & Gloss Duo-113 Rose Latte 2-In-1 Long-Lasting Combo Liquid Lipstick Lip Liner Brand Beauty Cosmetic Makeup For Women And Girls\2.PNG
lips,72,SHEGLAM Line To Shine Peel-Off Lip Stain & Gloss Duo-113 Rose Latte 2-In-1 Long-Lasting Combo Liquid Lipstick Lip Liner Brand Beauty Cosmetic Makeup For Women And Girls,3.PNG,lips\72\SHEGLAM Line To Shine Peel-Off Lip Stain & Gloss Duo-113 Rose Latte 2-In-1 Long-Lasting Combo Liquid Lipstick Lip Liner Brand Beauty Cosmetic Makeup For Women And Girls\3.PNG
lips,72,SHEGLAM Line To Shine Peel-Off Lip Stain & Gloss Duo-114 Pink Macaron 2-In-1 Long-Lasting Combo Liquid Lipstick Lip Liner Brand Beauty Cosmetic Makeup For Women And Girls,1.jpeg,lips\72\SHEGLAM Line To Shine Peel-Off Lip Stain & Gloss Duo-114 Pink Macaron 2-In-1 Long-Lasting Combo Liquid Lipstick Lip Liner Brand Beauty Cosmetic Makeup For Women And Girls\1.jpeg
lips,72,SHEGLAM Line To Shine Peel-Off Lip Stain & Gloss Duo-114 Pink Macaron 2-In-1 Long-Lasting Combo Liquid Lipstick Lip Liner Brand Beauty Cosmetic Makeup For Women And Girls,2.PNG,lips\72\SHEGLAM Line To Shine Peel-Off Lip Stain & Gloss Duo-114 Pink Macaron 2-In-1 Long-Lasting Combo Liquid Lipstick Lip Liner Brand Beauty Cosmetic Makeup For Women And Girls\2.PNG
lips,72,SHEGLAM Line To Shine Peel-Off Lip Stain & Gloss Duo-114 Pink Macaron 2-In-1 Long-Lasting Combo Liquid Lipstick Lip Liner Brand Beauty Cosmetic Makeup For Women And Girls,3.PNG,lips\72\SHEGLAM Line To Shine Peel-Off Lip Stain & Gloss Duo-114 Pink Macaron 2-In-1 Long-Lasting Combo Liquid Lipstick Lip Liner Brand Beauty Cosmetic Makeup For Women And Girls\3.PNG
lips,72,SHEGLAM Line To Shine Peel-Off Lip Stain & Gloss Duo-310 Cherry Cola 2-In-1 Long-Lasting Combo Liquid Lipstick Lip Liner Brand Beauty Cosmetic Makeup For Women And Girls,1.jpeg,lips\72\SHEGLAM Line To Shine Peel-Off Lip Stain & Gloss Duo-310 Cherry Cola 2-In-1 Long-Lasting Combo Liquid Lipstick Lip Liner Brand Beauty Cosmetic Makeup For Women And Girls\1.jpeg
lips,72,SHEGLAM Line To Shine Peel-Off Lip Stain & Gloss Duo-310 Cherry Cola 2-In-1 Long-Lasting Combo Liquid Lipstick Lip Liner Brand Beauty Cosmetic Makeup For Women And Girls,2.PNG,lips\72\SHEGLAM Line To Shine Peel-Off Lip Stain & Gloss Duo-310 Cherry Cola 2-In-1 Long-Lasting Combo Liquid Lipstick Lip Liner Brand Beauty Cosmetic Makeup For Women And Girls\2.PNG
lips,72,SHEGLAM Line To Shine Peel-Off Lip Stain & Gloss Duo-310 Cherry Cola 2-In-1 Long-Lasting Combo Liquid Lipstick Lip Liner Brand Beauty Cosmetic Makeup For Women And Girls,3.PNG,lips\72\SHEGLAM Line To Shine Peel-Off Lip Stain & Gloss Duo-310 Cherry Cola 2-In-1 Long-Lasting Combo Liquid Lipstick Lip Liner Brand Beauty Cosmetic Makeup For Women And Girls\3.PNG
lips,72,SHEGLAM Line To Shine Peel-Off Lip Stain & Gloss Duo-311 Berry Milkshake 2-In-1 Long-Lasting Combo Liquid Lipstick Lip Liner Brand Beauty Cosmetic Makeup For Women And Girls,1.jpeg,lips\72\SHEGLAM Line To Shine Peel-Off Lip Stain & Gloss Duo-311 Berry Milkshake 2-In-1 Long-Lasting Combo Liquid Lipstick Lip Liner Brand Beauty Cosmetic Makeup For Women And Girls\1.jpeg
lips,72,SHEGLAM Line To Shine Peel-Off Lip Stain & Gloss Duo-311 Berry Milkshake 2-In-1 Long-Lasting Combo Liquid Lipstick Lip Liner Brand Beauty Cosmetic Makeup For Women And Girls,2.PNG,lips\72\SHEGLAM Line To Shine Peel-Off Lip Stain & Gloss Duo-311 Berry Milkshake 2-In-1 Long-Lasting Combo Liquid Lipstick Lip Liner Brand Beauty Cosmetic Makeup For Women And Girls\2.PNG
lips,72,SHEGLAM Line To Shine Peel-Off Lip Stain & Gloss Duo-311 Berry Milkshake 2-In-1 Long-Lasting Combo Liquid Lipstick Lip Liner Brand Beauty Cosmetic Makeup For Women And Girls,3.PNG,lips\72\SHEGLAM Line To Shine Peel-Off Lip Stain & Gloss Duo-311 Berry Milkshake 2-In-1 Long-Lasting Combo Liquid Lipstick Lip Liner Brand Beauty Cosmetic Makeup For Women And Girls\3.PNG
lips,72,SHEGLAM Line To Shine Peel-Off Lip Stain & Gloss Duo-510 Papaya Glaze 2-In-1 Long-Lasting Combo Liquid Lipstick Lip Liner Brand Beauty Cosmetic Makeup For Women And Girls,1.jpeg,lips\72\SHEGLAM Line To Shine Peel-Off Lip Stain & Gloss Duo-510 Papaya Glaze 2-In-1 Long-Lasting Combo Liquid Lipstick Lip Liner Brand Beauty Cosmetic Makeup For Women And Girls\1.jpeg
lips,72,SHEGLAM Line To Shine Peel-Off Lip Stain & Gloss Duo-510 Papaya Glaze 2-In-1 Long-Lasting Combo Liquid Lipstick Lip Liner Brand Beauty Cosmetic Makeup For Women And Girls,2.PNG,lips\72\SHEGLAM Line To Shine Peel-Off Lip Stain & Gloss Duo-510 Papaya Glaze 2-In-1 Long-Lasting Combo Liquid Lipstick Lip Liner Brand Beauty Cosmetic Makeup For Women And Girls\2.PNG
lips,72,SHEGLAM Line To Shine Peel-Off Lip Stain & Gloss Duo-510 Papaya Glaze 2-In-1 Long-Lasting Combo Liquid Lipstick Lip Liner Brand Beauty Cosmetic Makeup For Women And Girls,3.PNG,lips\72\SHEGLAM Line To Shine Peel-Off Lip Stain & Gloss Duo-510 Papaya Glaze 2-In-1 Long-Lasting Combo Liquid Lipstick Lip Liner Brand Beauty Cosmetic Makeup For Women And Girls\3.PNG
lips,72,SHEGLAM Line To Shine Peel-Off Lip Stain & Gloss Duo-511 Toasted Almond 2-In-1 Long-Lasting Combo Liquid Lipstick Lip Liner Brand Beauty Cosmetic Makeup For Women And Girls,1.jpeg,lips\72\SHEGLAM Line To Shine Peel-Off Lip Stain & Gloss Duo-511 Toasted Almond 2-In-1 Long-Lasting Combo Liquid Lipstick Lip Liner Brand Beauty Cosmetic Makeup For Women And Girls\1.jpeg
lips,72,SHEGLAM Line To Shine Peel-Off Lip Stain & Gloss Duo-511 Toasted Almond 2-In-1 Long-Lasting Combo Liquid Lipstick Lip Liner Brand Beauty Cosmetic Makeup For Women And Girls,2.PNG,lips\72\SHEGLAM Line To Shine Peel-Off Lip Stain & Gloss Duo-511 Toasted Almond 2-In-1 Long-Lasting Combo Liquid Lipstick Lip Liner Brand Beauty Cosmetic Makeup For Women And Girls\2.PNG
lips,72,SHEGLAM Line To Shine Peel-Off Lip Stain & Gloss Duo-511 Toasted Almond 2-In-1 Long-Lasting Combo Liquid Lipstick Lip Liner Brand Beauty Cosmetic Makeup For Women And Girls,3.PNG,lips\72\SHEGLAM Line To Shine Peel-Off Lip Stain & Gloss Duo-511 Toasted Almond 2-In-1 Long-Lasting Combo Liquid Lipstick Lip Liner Brand Beauty Cosmetic Makeup For Women And Girls\3.PNG
lips,72,SHEGLAM Line To Shine Peel-Off Lip Stain & Gloss Duo-512 Mocha Cream 2-In-1 Long-Lasting Combo Liquid Lipstick Lip Liner Brand Beauty Cosmetic Makeup For Women And Girls,1.jpeg,lips\72\SHEGLAM Line To Shine Peel-Off Lip Stain & Gloss Duo-512 Mocha Cream 2-In-1 Long-Lasting Combo Liquid Lipstick Lip Liner Brand Beauty Cosmetic Makeup For Women And Girls\1.jpeg
lips,72,SHEGLAM Line To Shine Peel-Off Lip Stain & Gloss Duo-512 Mocha Cream 2-In-1 Long-Lasting Combo Liquid Lipstick Lip Liner Brand Beauty Cosmetic Makeup For Women And Girls,2.PNG,lips\72\SHEGLAM Line To Shine Peel-Off Lip Stain & Gloss Duo-512 Mocha Cream 2-In-1 Long-Lasting Combo Liquid Lipstick Lip Liner Brand Beauty Cosmetic Makeup For Women And Girls\2.PNG
lips,72,SHEGLAM Line To Shine Peel-Off Lip Stain & Gloss Duo-512 Mocha Cream 2-In-1 Long-Lasting Combo Liquid Lipstick Lip Liner Brand Beauty Cosmetic Makeup For Women And Girls,3.PNG,lips\72\SHEGLAM Line To Shine Peel-Off Lip Stain & Gloss Duo-512 Mocha Cream 2-In-1 Long-Lasting Combo Liquid Lipstick Lip Liner Brand Beauty Cosmetic Makeup For Women And Girls\3.PNG
lips,72,SHEGLAM Line To Shine Peel-Off Lip Stain & Gloss Duo-514 Brown Butter 2-In-1 Long-Lasting Combo Liquid Lipstick Lip Liner Brand Beauty Cosmetic Makeup For Women And Girls,1.jpeg,lips\72\SHEGLAM Line To Shine Peel-Off Lip Stain & Gloss Duo-514 Brown Butter 2-In-1 Long-Lasting Combo Liquid Lipstick Lip Liner Brand Beauty Cosmetic Makeup For Women And Girls\1.jpeg
lips,72,SHEGLAM Line To Shine Peel-Off Lip Stain & Gloss Duo-514 Brown Butter 2-In-1 Long-Lasting Combo Liquid Lipstick Lip Liner Brand Beauty Cosmetic Makeup For Women And Girls,2.PNG,lips\72\SHEGLAM Line To Shine Peel-Off Lip Stain & Gloss Duo-514 Brown Butter 2-In-1 Long-Lasting Combo Liquid Lipstick Lip Liner Brand Beauty Cosmetic Makeup For Women And Girls\2.PNG
lips,72,SHEGLAM Line To Shine Peel-Off Lip Stain & Gloss Duo-514 Brown Butter 2-In-1 Long-Lasting Combo Liquid Lipstick Lip Liner Brand Beauty Cosmetic Makeup For Women And Girls,3.PNG,lips\72\SHEGLAM Line To Shine Peel-Off Lip Stain & Gloss Duo-514 Brown Butter 2-In-1 Long-Lasting Combo Liquid Lipstick Lip Liner Brand Beauty Cosmetic Makeup For Women And Girls\3.PNG
lips,72,SHEGLAM Line To Shine Peel-Off Lip Stain & Gloss Duo-515 Fig Cookie 2-In-1 Long-Lasting Combo Liquid Lipstick Lip Liner Brand Beauty Cosmetic Makeup For Women And Girls,1.jpeg,lips\72\SHEGLAM Line To Shine Peel-Off Lip Stain & Gloss Duo-515 Fig Cookie 2-In-1 Long-Lasting Combo Liquid Lipstick Lip Liner Brand Beauty Cosmetic Makeup For Women And Girls\1.jpeg
lips,72,SHEGLAM Line To Shine Peel-Off Lip Stain & Gloss Duo-515 Fig Cookie 2-In-1 Long-Lasting Combo Liquid Lipstick Lip Liner Brand Beauty Cosmetic Makeup For Women And Girls,2.PNG,lips\72\SHEGLAM Line To Shine Peel-Off Lip Stain & Gloss Duo-515 Fig Cookie 2-In-1 Long-Lasting Combo Liquid Lipstick Lip Liner Brand Beauty Cosmetic Makeup For Women And Girls\2.PNG
lips,72,SHEGLAM Line To Shine Peel-Off Lip Stain & Gloss Duo-515 Fig Cookie 2-In-1 Long-Lasting Combo Liquid Lipstick Lip Liner Brand Beauty Cosmetic Makeup For Women And Girls,3.PNG,lips\72\SHEGLAM Line To Shine Peel-Off Lip Stain & Gloss Duo-515 Fig Cookie 2-In-1 Long-Lasting Combo Liquid Lipstick Lip Liner Brand Beauty Cosmetic Makeup For Women And Girls\3.PNG
lips,82,SHEGLAM Just Kissed Lipstick Crayon-Red Velvet Lip Combo Brand Beauty Cosmetic Makeup For Women And Girls,1.PNG,lips\82\SHEGLAM Just Kissed Lipstick Crayon-Red Velvet Lip Combo Brand Beauty Cosmetic Makeup For Women And Girls\1.PNG
lips,82,SHEGLAM Just Kissed Lipstick Crayon-Red Velvet Lip Combo Brand Beauty Cosmetic Makeup For Women And Girls,2.PNG,lips\82\SHEGLAM Just Kissed Lipstick Crayon-Red Velvet Lip Combo Brand Beauty Cosmetic Makeup For Women And Girls\2.PNG
lips,82,SHEGLAM Just Kissed Lipstick Crayon-Red Velvet Lip Combo Brand Beauty Cosmetic Makeup For Women And Girls,3.PNG,lips\82\SHEGLAM Just Kissed Lipstick Crayon-Red Velvet Lip Combo Brand Beauty Cosmetic Makeup For Women And Girls\3.PNG
lips,84,SHEGLAM Matte Allure Lipstick -083 Self-Made Babe Lip Combo Brand Beauty Cosmetic Makeup For Women And Girls,1.PNG,lips\84\SHEGLAM Matte Allure Lipstick -083 Self-Made Babe Lip Combo Brand Beauty Cosmetic Makeup For Women And Girls\1.PNG
lips,84,SHEGLAM Matte Allure Lipstick -083 Self-Made Babe Lip Combo Brand Beauty Cosmetic Makeup For Women And Girls,2.PNG,lips\84\SHEGLAM Matte Allure Lipstick -083 Self-Made Babe Lip Combo Brand Beauty Cosmetic Makeup For Women And Girls\2.PNG
lips,84,SHEGLAM Matte Allure Lipstick -083 Self-Made Babe Lip Combo Brand Beauty Cosmetic Makeup For Women And Girls,3.PNG,lips\84\SHEGLAM Matte Allure Lipstick -083 Self-Made Babe Lip Combo Brand Beauty Cosmetic Makeup For Women And Girls\3.PNG
lips,84,SHEGLAM Matte Allure Lipstick -083 Self-Made Babe Lip Combo Brand Beauty Cosmetic Makeup For Women And Girls,4.PNG,lips\84\SHEGLAM Matte Allure Lipstick -083 Self-Made Babe Lip Combo Brand Beauty Cosmetic Makeup For Women And Girls\4.PNG
lips,84,SHEGLAM Matte Allure Lipstick -092 Adulting Lip Combo Brand Beauty Cosmetic Makeup For Women And Girls,1.PNG,lips\84\SHEGLAM Matte Allure Lipstick -092 Adulting Lip Combo Brand Beauty Cosmetic Makeup For Women And Girls\1.PNG
lips,84,SHEGLAM Matte Allure Lipstick -092 Adulting Lip Combo Brand Beauty Cosmetic Makeup For Women And Girls,2.PNG,lips\84\SHEGLAM Matte Allure Lipstick -092 Adulting Lip Combo Brand Beauty Cosmetic Makeup For Women And Girls\2.PNG
lips,84,SHEGLAM Matte Allure Lipstick -092 Adulting Lip Combo Brand Beauty Cosmetic Makeup For Women And Girls,3.PNG,lips\84\SHEGLAM Matte Allure Lipstick -092 Adulting Lip Combo Brand Beauty Cosmetic Makeup For Women And Girls\3.PNG
lips,84,SHEGLAM Matte Allure Lipstick -092 Adulting Lip Combo Brand Beauty Cosmetic Makeup For Women And Girls,4.PNG,lips\84\SHEGLAM Matte Allure Lipstick -092 Adulting Lip Combo Brand Beauty Cosmetic Makeup For Women And Girls\4.PNG
lips,86,SHEGLAM Bounce Putty Pocket Lip Pot-Sangria Slay Lip Combo Brand Beauty Cosmetic Makeup For Women And Girls,1.PNG,lips\86\SHEGLAM Bounce Putty Pocket Lip Pot-Sangria Slay Lip Combo Brand Beauty Cosmetic Makeup For Women And Girls\1.PNG
lips,86,SHEGLAM Bounce Putty Pocket Lip Pot-Sangria Slay Lip Combo Brand Beauty Cosmetic Makeup For Women And Girls,2.PNG,lips\86\SHEGLAM Bounce Putty Pocket Lip Pot-Sangria Slay Lip Combo Brand Beauty Cosmetic Makeup For Women And Girls\2.PNG
lips,86,SHEGLAM Bounce Putty Pocket Lip Pot-Sangria Slay Lip Combo Brand Beauty Cosmetic Makeup For Women And Girls,3.PNG,lips\86\SHEGLAM Bounce Putty Pocket Lip Pot-Sangria Slay Lip Combo Brand Beauty Cosmetic Makeup For Women And Girls\3.PNG
lips,91,SHEGLAM Pout Pillow Cushion Lip Gloss sweet dreamz Lip Combo Brand Beauty Cosmetic Makeup For Women And Girls,1.PNG,lips\91\SHEGLAM Pout Pillow Cushion Lip Gloss sweet dreamz Lip Combo Brand Beauty Cosmetic Makeup For Women And Girls\1.PNG
lips,91,SHEGLAM Pout Pillow Cushion Lip Gloss sweet dreamz Lip Combo Brand Beauty Cosmetic Makeup For Women And Girls,2.PNG,lips\91\SHEGLAM Pout Pillow Cushion Lip Gloss sweet dreamz Lip Combo Brand Beauty Cosmetic Makeup For Women And Girls\2.PNG
lips,91,SHEGLAM Pout Pillow Cushion Lip Gloss sweet dreamz Lip Combo Brand Beauty Cosmetic Makeup For Women And Girls,3.PNG,lips\91\SHEGLAM Pout Pillow Cushion Lip Gloss sweet dreamz Lip Combo Brand Beauty Cosmetic Makeup For Women And Girls\3.PNG
lips,91,SHEGLAM Pout Pillow Cushion Lip Gloss40 winks Lip Combo Brand Beauty Cosmetic Makeup For Women And Girls,1.PNG,lips\91\SHEGLAM Pout Pillow Cushion Lip Gloss40 winks Lip Combo Brand Beauty Cosmetic Makeup For Women And Girls\1.PNG
lips,91,SHEGLAM Pout Pillow Cushion Lip Gloss40 winks Lip Combo Brand Beauty Cosmetic Makeup For Women And Girls,2.PNG,lips\91\SHEGLAM Pout Pillow Cushion Lip Gloss40 winks Lip Combo Brand Beauty Cosmetic Makeup For Women And Girls\2.PNG
lips,91,SHEGLAM Pout Pillow Cushion Lip Gloss40 winks Lip Combo Brand Beauty Cosmetic Makeup For Women And Girls,3.PNG,lips\91\SHEGLAM Pout Pillow Cushion Lip Gloss40 winks Lip Combo Brand Beauty Cosmetic Makeup For Women And Girls\3.PNG
lips,91,SHEGLAM Pout Pillow Cushion Lip Gloss-K.O. Lip Combo Brand Beauty Cosmetic Makeup For Women And Girls,1.PNG,lips\91\SHEGLAM Pout Pillow Cushion Lip Gloss-K.O. Lip Combo Brand Beauty Cosmetic Makeup For Women And Girls\1.PNG
lips,91,SHEGLAM Pout Pillow Cushion Lip Gloss-K.O. Lip Combo Brand Beauty Cosmetic Makeup For Women And Girls,2.PNG,lips\91\SHEGLAM Pout Pillow Cushion Lip Gloss-K.O. Lip Combo Brand Beauty Cosmetic Makeup For Women And Girls\2.PNG
lips,91,SHEGLAM Pout Pillow Cushion Lip Gloss-K.O. Lip Combo Brand Beauty Cosmetic Makeup For Women And Girls,3.PNG,lips\91\SHEGLAM Pout Pillow Cushion Lip Gloss-K.O. Lip Combo Brand Beauty Cosmetic Makeup For Women And Girls\3.PNG
lips,93,SHEGLAM Take A Hint Lip Tint-Obsessed Lip Combo Brand Beauty Cosmetic Makeup For Women And Girls,1.PNG,lips\93\SHEGLAM Take A Hint Lip Tint-Obsessed Lip Combo Brand Beauty Cosmetic Makeup For Women And Girls\1.PNG
lips,93,SHEGLAM Take A Hint Lip Tint-Obsessed Lip Combo Brand Beauty Cosmetic Makeup For Women And Girls,2.PNG,lips\93\SHEGLAM Take A Hint Lip Tint-Obsessed Lip Combo Brand Beauty Cosmetic Makeup For Women And Girls\2.PNG
lips,93,SHEGLAM Take A Hint Lip Tint-Obsessed Lip Combo Brand Beauty Cosmetic Makeup For Women And Girls,3.PNG,lips\93\SHEGLAM Take A Hint Lip Tint-Obsessed Lip Combo Brand Beauty Cosmetic Makeup For Women And Girls\3.PNG
lips,93,SHEGLAM Take A Hint Lip Tint-Obsessed Lip Combo Brand Beauty Cosmetic Makeup For Women And Girls,4.PNG,lips\93\SHEGLAM Take A Hint Lip Tint-Obsessed Lip Combo Brand Beauty Cosmetic Makeup For Women And Girls\4.PNG
